Time,Input_Surge,Applied_Surge,Output_Surge,Input_Sway,Applied_Sway,Output_Sway,Input_Heave,Applied_Heave,Output_Heave
0.000,1.0702,1.0702,-0.0200,-0.7829,-0.7829,0.0000,-0.2587,-0.2587,0.6162
0.006,1.0702,1.0702,-0.0200,-0.7907,-0.7907,0.0000,-0.2587,-0.2587,0.6161
0.014,1.0634,1.0634,-0.0199,-0.7603,-0.7603,0.0000,-0.2812,-0.2812,0.6160
0.019,1.0634,1.0634,-0.0199,-0.7655,-0.7655,0.0000,-0.2812,-0.2812,0.6158
0.023,1.0634,1.0634,-0.0198,-0.7684,-0.7684,0.0000,-0.2812,-0.2812,0.6157
0.026,1.0634,1.0634,-0.0198,-0.7710,-0.7710,0.0000,-0.2812,-0.2812,0.6157
0.030,1.0634,1.0634,-0.0198,-0.7736,-0.7736,0.0000,-0.2812,-0.2812,0.6156
0.034,1.0570,1.0570,-0.0197,-0.7383,-0.7383,0.0000,-0.2990,-0.2990,0.6155
0.038,1.0570,1.0570,-0.0197,-0.7401,-0.7401,0.0000,-0.2990,-0.2990,0.6154
0.042,1.0571,1.0571,-0.0197,-0.7417,-0.7417,0.0000,-0.2990,-0.2990,0.6154
0.051,1.0571,1.0571,-0.0196,-0.7428,-0.7428,0.0000,-0.2990,-0.2990,0.6153
0.056,1.0510,1.0510,-0.0196,-0.7065,-0.7065,0.0000,-0.3178,-0.3178,0.6151
0.061,1.0511,1.0511,-0.0195,-0.7058,-0.7058,0.0000,-0.3178,-0.3178,0.6150
0.065,1.0511,1.0511,-0.0195,-0.7049,-0.7049,0.0000,-0.3178,-0.3178,0.6149
0.068,1.0511,1.0511,-0.0195,-0.7038,-0.7038,0.0000,-0.3178,-0.3178,0.6148
0.071,1.0511,1.0511,-0.0194,-0.7024,-0.7024,0.0000,-0.3178,-0.3178,0.6147
0.075,1.0454,1.0454,-0.0194,-0.6649,-0.6649,0.0000,-0.3354,-0.3354,0.6147
0.080,1.0454,1.0454,-0.0194,-0.6616,-0.6616,0.0000,-0.3354,-0.3354,0.6146
0.084,1.0454,1.0454,-0.0194,-0.6587,-0.6587,0.0000,-0.3354,-0.3354,0.6145
0.087,1.0454,1.0454,-0.0193,-0.6554,-0.6554,0.0000,-0.3354,-0.3354,0.6144
0.091,1.0454,1.0454,-0.0193,-0.6520,-0.6520,0.0000,-0.3354,-0.3354,0.6143
0.095,1.0400,1.0400,-0.0193,-0.6134,-0.6134,0.0000,-0.3545,-0.3545,0.6142
0.099,1.0400,1.0400,-0.0193,-0.6084,-0.6084,0.0000,-0.3545,-0.3545,0.6142
0.102,1.0401,1.0401,-0.0192,-0.6038,-0.6038,0.0000,-0.3545,-0.3545,0.6141
0.105,1.0401,1.0401,-0.0192,-0.5990,-0.5990,0.0000,-0.3545,-0.3545,0.6140
0.109,1.0401,1.0401,-0.0192,-0.5926,-0.5926,0.0000,-0.3545,-0.3545,0.6139
0.113,1.0349,1.0349,-0.0192,-0.5532,-0.5532,0.0000,-0.3773,-0.3773,0.6138
0.117,1.0349,1.0349,-0.0191,-0.5465,-0.5465,0.0000,-0.3773,-0.3773,0.6137
0.120,1.0349,1.0349,-0.0191,-0.5402,-0.5402,0.0000,-0.3773,-0.3773,0.6137
0.124,1.0350,1.0350,-0.0191,-0.5334,-0.5334,0.0000,-0.3773,-0.3773,0.6136
0.127,1.0350,1.0350,-0.0191,-0.5262,-0.5262,0.0000,-0.3773,-0.3773,0.6135
0.131,1.0350,1.0350,-0.0191,-0.5187,-0.5187,0.0000,-0.3773,-0.3773,0.6134
0.134,1.0301,1.0301,-0.0190,-0.4782,-0.4782,0.0000,-0.4015,-0.4015,0.6134
0.138,1.0301,1.0301,-0.0190,-0.4691,-0.4691,0.0000,-0.4015,-0.4015,0.6133
0.142,1.0301,1.0301,-0.0190,-0.4590,-0.4590,0.0000,-0.4015,-0.4015,0.6132
0.147,1.0301,1.0301,-0.0190,-0.4469,-0.4469,0.0000,-0.4015,-0.4015,0.6131
0.154,1.0255,1.0255,-0.0189,-0.3946,-0.3946,0.0000,-0.4265,-0.4265,0.6130
0.159,1.0255,1.0255,-0.0189,-0.3806,-0.3806,0.0000,-0.4265,-0.4265,0.6128
0.167,1.0255,1.0255,-0.0189,-0.3525,-0.3525,0.0000,-0.4265,-0.4265,0.6127
0.174,1.0215,1.0215,-0.0188,-0.2971,-0.2971,0.0000,-0.4355,-0.4355,0.6125
0.179,1.0215,1.0215,-0.0188,-0.2805,-0.2805,0.0000,-0.4355,-0.4355,0.6123
0.183,1.0216,1.0216,-0.0188,-0.2651,-0.2651,0.0000,-0.4355,-0.4355,0.6122
0.187,1.0216,1.0216,-0.0187,-0.2507,-0.2507,0.0000,-0.4355,-0.4355,0.6121
0.191,1.0216,1.0216,-0.0187,-0.2345,-0.2345,0.0000,-0.4355,-0.4355,0.6120
0.195,1.0179,1.0179,-0.0187,-0.1899,-0.1899,0.0000,-0.4413,-0.4413,0.6119
0.200,1.0179,1.0179,-0.0187,-0.1719,-0.1719,0.0000,-0.4413,-0.4413,0.6118
0.204,1.0179,1.0179,-0.0187,-0.1560,-0.1560,0.0000,-0.4413,-0.4413,0.6117
0.208,1.0179,1.0179,-0.0186,-0.1393,-0.1393,0.0000,-0.4413,-0.4413,0.6116
0.211,1.0179,1.0179,-0.0186,-0.1236,-0.1236,0.0000,-0.4413,-0.4413,0.6115
0.215,1.0145,1.0145,-0.0186,-0.0765,-0.0765,0.0000,-0.4481,-0.4481,0.6114
0.219,1.0145,1.0145,-0.0186,-0.0576,-0.0576,0.0000,-0.4481,-0.4481,0.6113
0.223,1.0145,1.0145,-0.0186,-0.0404,-0.0404,0.0000,-0.4481,-0.4481,0.6112
0.227,1.0145,1.0145,-0.0185,-0.0234,-0.0234,0.0000,-0.4481,-0.4481,0.6111
0.231,1.0145,1.0145,-0.0185,-0.0041,-0.0041,0.0000,-0.4481,-0.4481,0.6111
0.235,1.0113,1.0113,-0.0185,0.0445,0.0445,0.0000,-0.4561,-0.4561,0.6110
0.240,1.0113,1.0113,-0.0185,0.0662,0.0662,0.0445,-0.4561,-0.4561,0.6109
0.243,1.0113,1.0113,-0.0185,0.0836,0.0836,0.0662,-0.4561,-0.4561,0.6108
0.248,1.0114,1.0114,-0.0185,0.1108,0.1108,0.0836,-0.4561,-0.4561,0.6107
0.256,1.0084,1.0084,-0.0184,0.1800,0.1800,0.1108,-0.4645,-0.4645,0.6106
0.260,1.0084,1.0084,-0.0184,0.2020,0.2020,0.1800,-0.4645,-0.4645,0.6104
0.265,1.0084,1.0084,-0.0184,0.2281,0.2281,0.2020,-0.4645,-0.4645,0.6103
0.269,1.0084,1.0084,-0.0184,0.2492,0.2492,0.2281,-0.4645,-0.4645,0.6102
0.274,1.0057,1.0057,-0.0183,0.3003,0.3003,0.2492,-0.4731,-0.4731,0.6101
0.278,1.0057,1.0057,-0.0183,0.3245,0.3245,0.3003,-0.4731,-0.4731,0.6100
0.283,1.0057,1.0057,-0.0183,0.3514,0.3514,0.3245,-0.4731,-0.4731,0.6099
0.287,1.0057,1.0057,-0.0183,0.3780,0.3780,0.3514,-0.4731,-0.4731,0.6097
0.291,1.0057,1.0057,-0.0183,0.3981,0.3981,0.3780,-0.4731,-0.4731,0.6096
0.295,1.0032,1.0032,-0.0183,0.4509,0.4509,0.3981,-0.4814,-0.4814,0.6096
0.300,1.0032,1.0032,-0.0182,0.4747,0.4747,0.4509,-0.4814,-0.4814,0.6095
0.303,1.0032,1.0032,-0.0182,0.4940,0.4940,0.4747,-0.4814,-0.4814,0.6094
0.307,1.0032,1.0032,-0.0182,0.5166,0.5166,0.4940,-0.4814,-0.4814,0.6093
0.311,1.0032,1.0032,-0.0182,0.5412,0.5412,0.5166,-0.4814,-0.4814,0.6092
0.319,1.0012,1.0012,-0.0182,0.6158,0.6158,0.5412,-0.4781,-0.4781,0.6091
0.325,1.0013,1.0013,-0.0182,0.6530,0.6530,0.6158,-0.4781,-0.4781,0.6089
0.328,1.0013,1.0013,-0.0181,0.6756,0.6756,0.6530,-0.4781,-0.4781,0.6088
0.332,0.9996,0.9996,-0.0181,0.7271,0.7271,0.6756,-0.4737,-0.4737,0.6087
0.337,0.9996,0.9996,-0.0181,0.7524,0.7524,0.7271,-0.4737,-0.4737,0.6086
0.340,0.9996,0.9996,-0.0181,0.7731,0.7731,0.7524,-0.4737,-0.4737,0.6085
0.344,0.9996,0.9996,-0.0181,0.7992,0.7992,0.7731,-0.4737,-0.4737,0.6084
0.348,0.9996,0.9996,-0.0181,0.8210,0.8210,0.7992,-0.4737,-0.4737,0.6083
0.351,0.9996,0.9996,-0.0181,0.8414,0.8414,0.8210,-0.4737,-0.4737,0.6083
0.354,0.9980,0.9980,-0.0181,0.8872,0.8872,0.8414,-0.4704,-0.4704,0.6082
0.359,0.9980,0.9980,-0.0180,0.9211,0.9211,0.8872,-0.4704,-0.4704,0.6081
0.366,0.9980,0.9980,-0.0180,0.9671,0.9671,0.9211,-0.4704,-0.4704,0.6080
0.370,0.9980,0.9980,-0.0180,0.9895,0.9895,0.9671,-0.4704,-0.4704,0.6079
0.374,0.9971,0.9971,-0.0180,1.0400,1.0400,0.9895,-0.4538,-0.4538,0.6078
0.378,0.9971,0.9971,-0.0180,1.0672,1.0672,1.0400,-0.4538,-0.4538,0.6077
0.382,0.9971,0.9971,-0.0180,1.0903,1.0903,1.0672,-0.4538,-0.4538,0.6076
0.385,0.9971,0.9971,-0.0180,1.1121,1.1121,1.0903,-0.4538,-0.4538,0.6076
0.389,0.9971,0.9971,-0.0179,1.1344,1.1344,1.1121,-0.4538,-0.4538,0.6075
0.392,0.9971,0.9971,-0.0179,1.1556,1.1556,1.1344,-0.4538,-0.4538,0.6074
0.395,0.9964,0.9964,-0.0179,1.2025,1.2025,1.1556,-0.4365,-0.4365,0.6074
0.399,0.9964,0.9964,-0.0179,1.2295,1.2295,1.2025,-0.4365,-0.4365,0.6073
0.403,0.9964,0.9964,-0.0179,1.2553,1.2553,1.2295,-0.4365,-0.4365,0.6072
0.407,0.9964,0.9964,-0.0179,1.2773,1.2773,1.2553,-0.4365,-0.4365,0.6071
0.410,0.9964,0.9964,-0.0179,1.2996,1.2996,1.2773,-0.4365,-0.4365,0.6071
0.414,0.9958,0.9958,-0.0179,1.3455,1.3455,1.2996,-0.4205,-0.4205,0.6070
0.418,0.9958,0.9958,-0.0179,1.3712,1.3712,1.3455,-0.4205,-0.4205,0.6069
0.421,0.9958,0.9958,-0.0178,1.3924,1.3924,1.3712,-0.4205,-0.4205,0.6069
0.424,0.9958,0.9958,-0.0178,1.4137,1.4137,1.3924,-0.4205,-0.4205,0.6068
0.428,0.9958,0.9958,-0.0178,1.4361,1.4361,1.4137,-0.4205,-0.4205,0.6068
0.431,0.9958,0.9958,-0.0178,1.4583,1.4583,1.4361,-0.4205,-0.4205,0.6067
0.435,0.9955,0.9955,-0.0178,1.5070,1.5070,1.4583,-0.3990,-0.3990,0.6066
0.439,0.9955,0.9955,-0.0178,1.5323,1.5323,1.5070,-0.3990,-0.3990,0.6066
0.442,0.9955,0.9955,-0.0178,1.5545,1.5545,1.5323,-0.3990,-0.3990,0.6065
0.446,0.9955,0.9955,-0.0178,1.5778,1.5778,1.5545,-0.3990,-0.3990,0.6065
0.449,0.9955,0.9955,-0.0178,1.5996,1.5996,1.5778,-0.3990,-0.3990,0.6064
0.452,0.9947,0.9947,-0.0178,1.6433,1.6433,1.5996,-0.3932,-0.3932,0.6063
0.457,0.9947,0.9947,-0.0177,1.6698,1.6698,1.6433,-0.3932,-0.3932,0.6063
0.460,0.9947,0.9947,-0.0177,1.6954,1.6954,1.6698,-0.3932,-0.3932,0.6062
0.465,0.9947,0.9947,-0.0177,1.7251,1.7251,1.6954,-0.3932,-0.3932,0.6062
0.474,0.9938,0.9938,-0.0177,1.8051,1.8051,1.7251,-0.3916,-0.3916,0.6061
0.483,0.9938,0.9938,-0.0177,1.8673,1.8673,1.8051,-0.3916,-0.3916,0.6060
0.487,0.9938,0.9938,-0.0177,1.8887,1.8887,1.8673,-0.3916,-0.3916,0.6058
0.490,0.9938,0.9938,-0.0177,1.9095,1.9095,1.8887,-0.3916,-0.3916,0.6058
0.493,0.9930,0.9930,-0.0176,1.9528,1.9528,1.9095,-0.3913,-0.3913,0.6057
0.498,0.9930,0.9930,-0.0176,1.9827,1.9827,1.9528,-0.3913,-0.3913,0.6057
0.502,0.9930,0.9930,-0.0176,2.0047,2.0047,1.9827,-0.3913,-0.3913,0.6056
0.505,0.9930,0.9930,-0.0176,2.0256,2.0256,2.0047,-0.3913,-0.3913,0.6055
0.508,0.9930,0.9930,-0.0176,2.0461,2.0461,2.0256,-0.3913,-0.3913,0.6055
0.512,0.9930,0.9930,-0.0176,2.0679,2.0679,2.0461,-0.3913,-0.3913,0.6054
0.515,0.9923,0.9923,-0.0176,2.1094,2.1094,2.0679,-0.3906,-0.3906,0.6054
0.519,0.9923,0.9923,-0.0176,2.1330,2.1330,2.1094,-0.3906,-0.3906,0.6053
0.522,0.9923,0.9923,-0.0176,2.1526,2.1526,2.1330,-0.3906,-0.3906,0.6053
0.526,0.9923,0.9923,-0.0176,2.1719,2.1719,2.1526,-0.3906,-0.3906,0.6052
0.530,0.9923,0.9923,-0.0176,2.1925,2.1925,2.1719,-0.3906,-0.3906,0.6052
0.534,0.9921,0.9921,-0.0175,2.2274,2.2274,2.1925,-0.3788,-0.3788,0.6051
0.538,0.9921,0.9921,-0.0175,2.2381,2.2381,2.2274,-0.3788,-0.3788,0.6051
0.542,0.9921,0.9921,-0.0175,2.2448,2.2448,2.2381,-0.3788,-0.3788,0.6050
0.545,0.9921,0.9921,-0.0175,2.2490,2.2490,2.2448,-0.3788,-0.3788,0.6050
0.549,0.9921,0.9921,-0.0175,2.2508,2.2508,2.2490,-0.3788,-0.3788,0.6049
0.552,0.9921,0.9921,-0.0175,2.2505,2.2505,2.2508,-0.3788,-0.3788,0.6049
0.555,0.9920,0.9920,-0.0175,2.2684,2.2684,2.2505,-0.3668,-0.3668,0.6048
0.559,0.9920,0.9920,-0.0175,2.2629,2.2629,2.2684,-0.3668,-0.3668,0.6048
0.563,0.9920,0.9920,-0.0175,2.2560,2.2560,2.2629,-0.3668,-0.3668,0.6047
0.566,0.9920,0.9920,-0.0175,2.2477,2.2477,2.2560,-0.3668,-0.3668,0.6047
0.569,0.9920,0.9920,-0.0175,2.2379,2.2379,2.2477,-0.3668,-0.3668,0.6047
0.573,0.9922,0.9922,-0.0174,2.2436,2.2436,2.2379,-0.3467,-0.3467,0.6046
0.577,0.9922,0.9922,-0.0174,2.2306,2.2306,2.2436,-0.3467,-0.3467,0.6046
0.582,0.9922,0.9922,-0.0174,2.2181,2.2181,2.2306,-0.3467,-0.3467,0.6045
0.589,0.9922,0.9922,-0.0174,2.2021,2.2021,2.2181,-0.3467,-0.3467,0.6045
0.594,0.9924,0.9924,-0.0174,2.2141,2.2141,2.2021,-0.3288,-0.3288,0.6044
0.599,0.9924,0.9924,-0.0174,2.2078,2.2078,2.2141,-0.3288,-0.3288,0.6043
0.602,0.9924,0.9924,-0.0174,2.2041,2.2041,2.2078,-0.3288,-0.3288,0.6043
0.607,0.9924,0.9924,-0.0174,2.2019,2.2019,2.2041,-0.3288,-0.3288,0.6042
0.611,0.9924,0.9924,-0.0174,2.2016,2.2016,2.2019,-0.3288,-0.3288,0.6042
0.614,0.9926,0.9926,-0.0174,2.2208,2.2208,2.2016,-0.3155,-0.3155,0.6042
0.618,0.9926,0.9926,-0.0173,2.2234,2.2234,2.2208,-0.3155,-0.3155,0.6041
0.626,0.9926,0.9926,-0.0173,2.2340,2.2340,2.2234,-0.3155,-0.3155,0.6041
0.631,0.9926,0.9926,-0.0173,2.2441,2.2441,2.2340,-0.3155,-0.3155,0.6040
0.636,0.9927,0.9927,-0.0173,2.2708,2.2708,2.2441,-0.3046,-0.3046,0.6040
0.640,0.9927,0.9927,-0.0173,2.2806,2.2806,2.2708,-0.3046,-0.3046,0.6039
0.644,0.9927,0.9927,-0.0173,2.2919,2.2919,2.2806,-0.3046,-0.3046,0.6039
0.647,0.9927,0.9927,-0.0173,2.3024,2.3024,2.2919,-0.3046,-0.3046,0.6039
0.651,0.9927,0.9927,-0.0173,2.3142,2.3142,2.3024,-0.3046,-0.3046,0.6038
0.654,0.9928,0.9928,-0.0173,2.3425,2.3425,2.3142,-0.2966,-0.2966,0.6038
0.659,0.9928,0.9928,-0.0173,2.3585,2.3585,2.3425,-0.2966,-0.2966,0.6038
0.663,0.9928,0.9928,-0.0172,2.3711,2.3711,2.3585,-0.2966,-0.2966,0.6037
0.668,0.9928,0.9928,-0.0172,2.3884,2.3884,2.3711,-0.2966,-0.2966,0.6037
0.671,0.9928,0.9928,-0.0172,2.4013,2.4013,2.3884,-0.2966,-0.2966,0.6037
0.674,0.9936,0.9936,-0.0172,2.4313,2.4313,2.4013,-0.2687,-0.2687,0.6036
0.679,0.9936,0.9936,-0.0172,2.4493,2.4493,2.4313,-0.2687,-0.2687,0.6036
0.683,0.9936,0.9936,-0.0172,2.4629,2.4629,2.4493,-0.2687,-0.2687,0.6036
0.686,0.9936,0.9936,-0.0172,2.4760,2.4760,2.4629,-0.2687,-0.2687,0.6035
0.691,0.9936,0.9936,-0.0172,2.4956,2.4956,2.4760,-0.2687,-0.2687,0.6035
0.699,0.9943,0.9943,-0.0172,2.5493,2.5493,2.4956,-0.2433,-0.2433,0.6035
0.704,0.9943,0.9943,-0.0172,2.5699,2.5699,2.5493,-0.2433,-0.2433,0.6035
0.707,0.9943,0.9943,-0.0172,2.5863,2.5863,2.5699,-0.2433,-0.2433,0.6034
0.711,0.9943,0.9943,-0.0171,2.6056,2.6056,2.5863,-0.2433,-0.2433,0.6034
0.715,0.9949,0.9949,-0.0171,2.6388,2.6388,2.6056,-0.2239,-0.2239,0.6034
0.719,0.9949,0.9949,-0.0171,2.6597,2.6597,2.6388,-0.2239,-0.2239,0.6034
0.723,0.9949,0.9949,-0.0171,2.6764,2.6764,2.6597,-0.2239,-0.2239,0.6034
0.726,0.9949,0.9949,-0.0171,2.6934,2.6934,2.6764,-0.2239,-0.2239,0.6033
0.731,0.9949,0.9949,-0.0171,2.7189,2.7189,2.6934,-0.2239,-0.2239,0.6033
0.734,0.9954,0.9954,-0.0171,2.7529,2.7529,2.7189,-0.2091,-0.2091,0.6033
0.739,0.9954,0.9954,-0.0171,2.7759,2.7759,2.7529,-0.2091,-0.2091,0.6033
0.742,0.9954,0.9954,-0.0171,2.7937,2.7937,2.7759,-0.2091,-0.2091,0.6033
0.746,0.9954,0.9954,-0.0171,2.8148,2.8148,2.7937,-0.2091,-0.2091,0.6033
0.750,0.9954,0.9954,-0.0171,2.8330,2.8330,2.8148,-0.2091,-0.2091,0.6033
0.753,0.9958,0.9958,-0.0171,2.8681,2.8681,2.8330,-0.1986,-0.1986,0.6032
0.757,0.9958,0.9958,-0.0170,2.8888,2.8888,2.8681,-0.1986,-0.1986,0.6032
0.762,0.9958,0.9958,-0.0170,2.9113,2.9113,2.8888,-0.1986,-0.1986,0.6032
0.765,0.9958,0.9958,-0.0170,2.9295,2.9295,2.9113,-0.1986,-0.1986,0.6032
0.769,0.9958,0.9958,-0.0170,2.9470,2.9470,2.9295,-0.1986,-0.1986,0.6032
0.777,0.9970,0.9970,-0.0170,3.0059,3.0059,2.9470,-0.1571,-0.1571,0.6032
0.782,0.9970,0.9970,-0.0170,3.0333,3.0333,3.0059,-0.1571,-0.1571,0.6032
0.786,0.9970,0.9970,-0.0170,3.0505,3.0505,3.0333,-0.1571,-0.1571,0.6032
0.792,0.9971,0.9971,-0.0170,3.0810,3.0810,3.0505,-0.1571,-0.1571,0.6032
0.800,0.9984,0.9984,-0.0170,3.1381,3.1381,3.0810,-0.1147,-0.1147,0.6032
0.804,0.9984,0.9984,-0.0170,3.1614,3.1614,3.1381,-0.1147,-0.1147,0.6032
0.808,0.9984,0.9984,-0.0169,3.1796,3.1796,3.1614,-0.1147,-0.1147,0.6032
0.812,0.9984,0.9984,-0.0169,3.1996,3.1996,3.1796,-0.1147,-0.1147,0.6032
0.815,0.9995,0.9995,-0.0169,3.2336,3.2336,3.1996,-0.0801,-0.0801,0.6032
0.819,0.9995,0.9995,-0.0169,3.2538,3.2538,3.2336,-0.0801,-0.0801,0.6032
0.823,0.9995,0.9995,-0.0169,3.2718,3.2718,3.2538,-0.0801,-0.0801,0.6032
0.827,0.9995,0.9995,-0.0169,3.2909,3.2909,3.2718,-0.0801,-0.0801,0.6032
0.831,0.9995,0.9995,-0.0169,3.3117,3.3117,3.2909,-0.0801,-0.0801,0.6033
0.834,1.0004,1.0004,-0.0169,3.3462,3.3462,3.3117,-0.0522,-0.0522,0.6033
0.839,1.0004,1.0004,-0.0169,3.3717,3.3717,3.3462,-0.0522,-0.0522,0.6033
0.843,1.0004,1.0004,-0.0169,3.3915,3.3915,3.3717,-0.0522,-0.0522,0.6033
0.847,1.0004,1.0004,-0.0169,3.4101,3.4101,3.3915,-0.0522,-0.0522,0.6033
0.851,1.0004,1.0004,-0.0168,3.4289,3.4289,3.4101,-0.0522,-0.0522,0.6033
0.854,1.0011,1.0011,-0.0168,3.4583,3.4583,3.4289,-0.0303,-0.0303,0.6034
0.858,1.0011,1.0011,-0.0168,3.4765,3.4765,3.4583,-0.0303,-0.0303,0.6034
0.862,1.0011,1.0011,-0.0168,3.4937,3.4937,3.4765,-0.0303,-0.0303,0.6034
0.865,1.0011,1.0011,-0.0168,3.5096,3.5096,3.4937,-0.0303,-0.0303,0.6034
0.869,1.0011,1.0011,-0.0168,3.5286,3.5286,3.5096,-0.0303,-0.0303,0.6035
0.873,1.0020,1.0020,-0.0168,3.5568,3.5568,3.5286,-0.0066,-0.0066,0.6035
0.876,1.0020,1.0020,-0.0168,3.5744,3.5744,3.5568,-0.0066,-0.0066,0.6035
0.880,1.0020,1.0020,-0.0168,3.5901,3.5901,3.5744,-0.0066,-0.0066,0.6035
0.883,1.0020,1.0020,-0.0168,3.6050,3.6050,3.5901,-0.0066,-0.0066,0.6036
0.890,1.0020,1.0020,-0.0168,3.6342,3.6342,3.6050,-0.0066,-0.0066,0.6036
0.901,1.0027,1.0027,-0.0168,3.6981,3.6981,3.6342,0.0107,0.0107,0.6036
0.913,1.0037,1.0037,-0.0167,3.7641,3.7641,3.6981,0.0390,0.0390,0.6037
0.918,1.0037,1.0037,-0.0167,3.7853,3.7853,3.7641,0.0390,0.0390,0.6038
0.922,1.0037,1.0037,-0.0167,3.8021,3.8021,3.7853,0.0390,0.0390,0.6038
0.930,1.0037,1.0037,-0.0167,3.8374,3.8374,3.8021,0.0390,0.0390,0.6038
0.935,1.0046,1.0046,-0.0167,3.8696,3.8696,3.8374,0.0620,0.0620,0.6039
0.939,1.0046,1.0046,-0.0167,3.8865,3.8865,3.8696,0.0620,0.0620,0.6039
0.943,1.0046,1.0046,-0.0167,3.9020,3.9020,3.8865,0.0620,0.0620,0.6040
0.947,1.0046,1.0046,-0.0167,3.9165,3.9165,3.9020,0.0620,0.0620,0.6040
0.950,1.0046,1.0046,-0.0166,3.9294,3.9294,3.9165,0.0620,0.0620,0.6040
0.953,1.0052,1.0052,-0.0166,3.9519,3.9519,3.9294,0.0752,0.0752,0.6041
0.958,1.0052,1.0052,-0.0166,3.9681,3.9681,3.9519,0.0752,0.0752,0.6041
0.961,1.0052,1.0052,-0.0166,3.9815,3.9815,3.9681,0.0752,0.0752,0.6041
0.965,1.0052,1.0052,-0.0166,3.9982,3.9982,3.9815,0.0752,0.0752,0.6042
0.969,1.0052,1.0052,-0.0166,4.0115,4.0115,3.9982,0.0752,0.0752,0.6042
0.972,1.0059,1.0059,-0.0166,4.0325,4.0325,4.0115,0.0836,0.0836,0.6043
0.977,1.0059,1.0059,-0.0166,4.0489,4.0489,4.0325,0.0836,0.0836,0.6043
0.980,1.0059,1.0059,-0.0166,4.0613,4.0613,4.0489,0.0836,0.0836,0.6043
0.984,1.0059,1.0059,-0.0166,4.0729,4.0729,4.0613,0.0836,0.0836,0.6044
0.987,1.0059,1.0059,-0.0166,4.0842,4.0842,4.0729,0.0836,0.0836,0.6044
0.990,1.0059,1.0059,-0.0166,4.0957,4.0957,4.0842,0.0836,0.0836,0.6044
0.994,1.0033,1.0033,-0.0166,4.1065,4.1065,4.0957,-0.0747,-0.0747,0.6045
0.999,1.0033,1.0033,-0.0165,4.1244,4.1244,4.1065,-0.0747,-0.0747,0.6045
1.006,1.0033,1.0033,-0.0165,4.1484,4.1484,4.1244,-0.0747,-0.0747,0.6045
1.010,1.0033,1.0033,-0.0165,4.1605,4.1605,4.1484,-0.0747,-0.0747,0.6045
1.014,1.0038,1.0038,-0.0165,4.1781,4.1781,4.1605,-0.0895,-0.0895,0.6045
1.017,1.0039,1.0039,-0.0165,4.1906,4.1906,4.1781,-0.0895,-0.0895,0.6045
1.021,1.0042,1.0042,-0.0165,4.2015,4.2015,4.1906,-0.0895,-0.0895,0.6045
1.024,1.0047,1.0047,-0.0165,4.2120,4.2120,4.2015,-0.0895,-0.0895,0.6045
1.028,1.0056,1.0056,-0.0165,4.2259,4.2259,4.2120,-0.0895,-0.0895,0.6045
1.032,1.0067,1.0067,-0.0165,4.2373,4.2373,4.2259,-0.0895,-0.0895,0.6045
1.035,1.0073,1.0073,-0.0165,4.2494,4.2494,4.2373,-0.1724,-0.1724,0.6045
1.040,1.0098,1.0098,-0.0165,4.2646,4.2646,4.2494,-0.1724,-0.1724,0.6045
1.045,1.0133,1.0133,-0.0165,4.2810,4.2810,4.2646,-0.1724,-0.1724,0.6045
1.048,1.0162,1.0162,-0.0164,4.2919,4.2919,4.2810,-0.1724,-0.1724,0.6045
1.052,1.0195,1.0195,-0.0164,4.3023,4.3023,4.2919,-0.1724,-0.1724,0.6045
1.055,1.0242,1.0242,-0.0164,4.3197,4.3197,4.3023,-0.1695,-0.1695,0.6045
1.060,1.0299,1.0299,-0.0164,4.3334,4.3334,4.3197,-0.1695,-0.1695,0.6045
1.064,1.0348,1.0348,-0.0164,4.3437,4.3437,4.3334,-0.1695,-0.1695,0.6045
1.067,1.0400,1.0400,-0.0164,4.3534,4.3534,4.3437,-0.1695,-0.1695,0.6045
1.070,1.0457,1.0457,-0.0164,4.3631,4.3631,4.3534,-0.1695,-0.1695,0.6044
1.074,1.0540,1.0540,-0.0164,4.3805,4.3805,4.3631,-0.1710,-0.1710,0.6044
1.083,1.0718,1.0718,-0.0163,4.4042,4.4042,4.3805,-0.1710,-0.1710,0.6044
1.089,1.0851,1.0851,-0.0163,4.4192,4.4192,4.4042,-0.1710,-0.1710,0.6044
1.092,1.0937,1.0937,-0.0163,4.4281,4.4281,4.4192,-0.1710,-0.1710,0.6044
1.096,1.1039,1.1039,-0.0162,4.4423,4.4423,4.4281,-0.1788,-0.1788,0.6044
1.099,1.1147,1.1147,-0.0162,4.4520,4.4520,4.4423,-0.1788,-0.1788,0.6044
1.103,1.1248,1.1248,-0.0162,4.4604,4.4604,4.4520,-0.1788,-0.1788,0.6044
1.107,1.1381,1.1381,-0.0162,4.4708,4.4708,4.4604,-0.1788,-0.1788,0.6043
1.114,1.1610,1.1610,-0.0161,4.4881,4.4881,4.4708,-0.2552,-0.2552,0.6043
1.119,1.1761,1.1761,-0.0161,4.4982,4.4982,4.4881,-0.2552,-0.2552,0.6043
1.122,1.1892,1.1892,-0.0160,4.5065,4.5065,4.4982,-0.2552,-0.2552,0.6043
1.126,1.2019,1.2019,-0.0160,4.5143,4.5143,4.5065,-0.2552,-0.2552,0.6042
1.129,1.2159,1.2159,-0.0159,4.5224,4.5224,4.5143,-0.2552,-0.2552,0.6042
1.133,1.2306,1.2306,-0.0159,4.5311,4.5311,4.5224,-0.3310,-0.3310,0.6042
1.137,1.2485,1.2485,-0.0159,4.5408,4.5408,4.5311,-0.3310,-0.3310,0.6041
1.141,1.2626,1.2626,-0.0158,4.5480,4.5480,4.5408,-0.3310,-0.3310,0.6041
1.144,1.2774,1.2774,-0.0157,4.5555,4.5555,4.5480,-0.3310,-0.3310,0.6041
1.148,1.2929,1.2929,-0.0157,4.5629,4.5629,4.5555,-0.3310,-0.3310,0.6040
1.152,1.3096,1.3096,-0.0156,4.5707,4.5707,4.5629,-0.3310,-0.3310,0.6040
1.155,1.3249,1.3249,-0.0156,4.5809,4.5809,4.5707,-0.3463,-0.3463,0.6040
1.159,1.3428,1.3428,-0.0155,4.5888,4.5888,4.5809,-0.3463,-0.3463,0.6039
1.162,1.3595,1.3595,-0.0155,4.5959,4.5959,4.5888,-0.3463,-0.3463,0.6039
1.166,1.3782,1.3782,-0.0154,4.6036,4.6036,4.5959,-0.3463,-0.3463,0.6038
1.169,1.3945,1.3945,-0.0153,4.6100,4.6100,4.6036,-0.3463,-0.3463,0.6038
1.173,1.4113,1.4113,-0.0152,4.6197,4.6197,4.6100,-0.3539,-0.3539,0.6038
1.177,1.4316,1.4316,-0.0152,4.6272,4.6272,4.6197,-0.3539,-0.3539,0.6037
1.180,1.4493,1.4493,-0.0151,4.6335,4.6335,4.6272,-0.3539,-0.3539,0.6037
1.184,1.4673,1.4673,-0.0150,4.6397,4.6397,4.6335,-0.3539,-0.3539,0.6036
1.187,1.4861,1.4861,-0.0149,4.6460,4.6460,4.6397,-0.3539,-0.3539,0.6036
1.191,1.5053,1.5053,-0.0148,4.6522,4.6522,4.6460,-0.3539,-0.3539,0.6036
1.195,1.5252,1.5252,-0.0147,4.6624,4.6624,4.6522,-0.3402,-0.3402,0.6035
1.199,1.5499,1.5499,-0.0147,4.6699,4.6699,4.6624,-0.3402,-0.3402,0.6035
1.203,1.5683,1.5683,-0.0145,4.6753,4.6753,4.6699,-0.3402,-0.3402,0.6034
1.206,1.5855,1.5855,-0.0144,4.6803,4.6803,4.6753,-0.3402,-0.3402,0.6034
1.209,1.6028,1.6028,-0.0143,4.6850,4.6850,4.6803,-0.3402,-0.3402,0.6034
1.213,1.6236,1.6236,-0.0142,4.6949,4.6949,4.6850,-0.3121,-0.3121,0.6033
1.218,1.6499,1.6499,-0.0141,4.7018,4.7018,4.6949,-0.3121,-0.3121,0.6033
1.225,1.6882,1.6882,-0.0140,4.7114,4.7114,4.7018,-0.3121,-0.3121,0.6033
1.234,1.7364,1.7364,-0.0137,4.7267,4.7267,4.7114,-0.2886,-0.2886,0.6032
1.239,1.7642,1.7642,-0.0134,4.7332,4.7332,4.7267,-0.2886,-0.2886,0.6031
1.242,1.7822,1.7822,-0.0132,4.7374,4.7374,4.7332,-0.2886,-0.2886,0.6031
1.246,1.8011,1.8011,-0.0131,4.7417,4.7417,4.7374,-0.2886,-0.2886,0.6031
1.249,1.8200,1.8200,-0.0130,4.7459,4.7459,4.7417,-0.2886,-0.2886,0.6031
1.253,1.8394,1.8394,-0.0128,4.7532,4.7532,4.7459,-0.2716,-0.2716,0.6030
1.257,1.8631,1.8631,-0.0127,4.7583,4.7583,4.7532,-0.2716,-0.2716,0.6030
1.262,1.8857,1.8857,-0.0125,4.7633,4.7633,4.7583,-0.2716,-0.2716,0.6030
1.266,1.9076,1.9076,-0.0123,4.7680,4.7680,4.7633,-0.2716,-0.2716,0.6030
1.269,1.9247,1.9247,-0.0122,4.7716,4.7716,4.7680,-0.2716,-0.2716,0.6029
1.273,1.9412,1.9412,-0.0120,4.7746,4.7746,4.7716,-0.3223,-0.3223,0.6029
1.277,1.9630,1.9630,-0.0119,4.7790,4.7790,4.7746,-0.3223,-0.3223,0.6029
1.280,1.9806,1.9806,-0.0117,4.7825,4.7825,4.7790,-0.3223,-0.3223,0.6028
1.284,1.9972,1.9972,-0.0115,4.7857,4.7857,4.7825,-0.3223,-0.3223,0.6028
1.287,2.0131,2.0131,-0.0114,4.7887,4.7887,4.7857,-0.3223,-0.3223,0.6028
1.291,2.0334,2.0334,-0.0112,4.7924,4.7924,4.7887,-0.3223,-0.3223,0.6028
1.295,2.0522,2.0522,-0.0110,4.7978,4.7978,4.7924,-0.3093,-0.3093,0.6027
1.299,2.0729,2.0729,-0.0108,4.8015,4.8015,4.7978,-0.3093,-0.3093,0.6027
1.303,2.0910,2.0910,-0.0106,4.8046,4.8046,4.8015,-0.3093,-0.3093,0.6027
1.307,2.1100,2.1100,-0.0104,4.8077,4.8077,4.8046,-0.3093,-0.3093,0.6026
1.311,2.1300,2.1300,-0.0102,4.8110,4.8110,4.8077,-0.3093,-0.3093,0.6026
1.315,2.1497,2.1497,-0.0100,4.8127,4.8127,4.8110,-0.3652,-0.3652,0.6026
1.320,2.1712,2.1712,-0.0098,4.8161,4.8161,4.8127,-0.3652,-0.3652,0.6025
1.327,2.2010,2.2010,-0.0095,4.8203,4.8203,4.8161,-0.3652,-0.3652,0.6025
1.334,2.2355,2.2355,-0.0092,4.8256,4.8256,4.8203,-0.3688,-0.3688,0.6024
1.339,2.2561,2.2561,-0.0088,4.8283,4.8283,4.8256,-0.3688,-0.3688,0.6023
1.343,2.2726,2.2726,-0.0085,4.8304,4.8304,4.8283,-0.3688,-0.3688,0.6023
1.347,2.2886,2.2886,-0.0083,4.8326,4.8326,4.8304,-0.3688,-0.3688,0.6022
1.351,2.3048,2.3048,-0.0080,4.8348,4.8348,4.8326,-0.3688,-0.3688,0.6022
1.356,2.3233,2.3233,-0.0078,4.8349,4.8349,4.8348,-0.4375,-0.4375,0.6022
1.361,2.3422,2.3422,-0.0075,4.8375,4.8375,4.8349,-0.4375,-0.4375,0.6021
1.365,2.3580,2.3580,-0.0072,4.8396,4.8396,4.8375,-0.4375,-0.4375,0.6020
1.369,2.3728,2.3728,-0.0070,4.8415,4.8415,4.8396,-0.4375,-0.4375,0.6020
1.374,2.3887,2.3887,-0.0067,4.8430,4.8430,4.8415,-0.4526,-0.4526,0.6019
1.379,2.4069,2.4069,-0.0065,4.8454,4.8454,4.8430,-0.4526,-0.4526,0.6019
1.389,2.4403,2.4403,-0.0061,4.8497,4.8497,4.8454,-0.4526,-0.4526,0.6018
1.394,2.4574,2.4574,-0.0055,4.8508,4.8508,4.8497,-0.4675,-0.4675,0.6016
1.398,2.4710,2.4710,-0.0052,4.8524,4.8524,4.8508,-0.4675,-0.4675,0.6016
1.402,2.4819,2.4819,-0.0049,4.8536,4.8536,4.8524,-0.4675,-0.4675,0.6015
1.406,2.4924,2.4924,-0.0047,4.8548,4.8548,4.8536,-0.4675,-0.4675,0.6015
1.409,2.5029,2.5029,-0.0045,4.8559,4.8559,4.8548,-0.4675,-0.4675,0.6014
1.414,2.5150,2.5150,-0.0042,4.8544,4.8544,4.8559,-0.5290,-0.5290,0.6013
1.419,2.5288,2.5288,-0.0039,4.8557,4.8557,4.8544,-0.5290,-0.5290,0.6013
1.422,2.5382,2.5382,-0.0036,4.8565,4.8565,4.8557,-0.5290,-0.5290,0.6012
1.428,2.5509,2.5509,-0.0034,4.8576,4.8576,4.8565,-0.5290,-0.5290,0.6011
1.436,2.5714,2.5714,-0.0030,4.8579,4.8579,4.8576,-0.5347,-0.5347,0.6010
1.440,2.5811,2.5811,-0.0025,4.8586,4.8586,4.8579,-0.5347,-0.5347,0.6009
1.444,2.5903,2.5903,-0.0022,4.8593,4.8593,4.8586,-0.5347,-0.5347,0.6008
1.449,2.5988,2.5988,-0.0019,4.8599,4.8599,4.8593,-0.5347,-0.5347,0.6008
1.453,2.6096,2.6096,-0.0017,4.8590,4.8590,4.8599,-0.5444,-0.5444,0.6007
1.459,2.6201,2.6201,-0.0013,4.8597,4.8597,4.8590,-0.5444,-0.5444,0.6006
1.465,2.6307,2.6307,-0.0010,4.8604,4.8604,4.8597,-0.5444,-0.5444,0.6005
1.470,2.6393,2.6393,-0.0005,4.8611,4.8611,4.8604,-0.5444,-0.5444,0.6004
1.475,2.6474,2.6474,-0.0002,4.8598,4.8598,4.8611,-0.5589,-0.5589,0.6003
1.481,2.6567,2.6567,0.0001,4.8606,4.8606,4.8598,-0.5589,-0.5589,0.6002
1.486,2.6626,2.6626,0.0005,4.8611,4.8611,4.8606,-0.5589,-0.5589,0.6001
1.490,2.6676,2.6676,0.0008,4.8615,4.8615,4.8611,-0.5589,-0.5589,0.6000
1.495,2.6751,2.6751,0.0011,4.8596,4.8596,4.8615,-0.5755,-0.5755,0.6000
1.500,2.6804,2.6804,0.0014,4.8600,4.8600,4.8596,-0.5755,-0.5755,0.5999
1.505,2.6850,2.6850,0.0018,4.8602,4.8602,4.8600,-0.5755,-0.5755,0.5998
1.508,2.6887,2.6887,0.0021,4.8604,4.8604,4.8602,-0.5755,-0.5755,0.5997
1.512,2.6933,2.6933,0.0023,4.8577,4.8577,4.8604,-0.6063,-0.6063,0.5996
1.517,2.6967,2.6967,0.0026,4.8578,4.8578,4.8577,-0.6063,-0.6063,0.5996
1.520,2.6992,2.6992,0.0029,4.8579,4.8579,4.8578,-0.6063,-0.6063,0.5995
1.524,2.7015,2.7015,0.0031,4.8580,4.8580,4.8579,-0.6063,-0.6063,0.5994
1.528,2.7041,2.7041,0.0033,4.8578,4.8578,4.8580,-0.6063,-0.6063,0.5993
1.534,2.7084,2.7084,0.0036,4.8548,4.8548,4.8578,-0.6397,-0.6397,0.5993
1.544,2.7121,2.7121,0.0040,4.8545,4.8545,4.8548,-0.6397,-0.6397,0.5991
1.550,2.7135,2.7135,0.0047,4.8542,4.8542,4.8545,-0.6397,-0.6397,0.5989
1.554,2.7156,2.7156,0.0050,4.8509,4.8509,4.8542,-0.6846,-0.6846,0.5988
1.560,2.7160,2.7160,0.0053,4.8507,4.8507,4.8509,-0.6846,-0.6846,0.5987
1.564,2.7160,2.7160,0.0057,4.8506,4.8506,4.8507,-0.6846,-0.6846,0.5986
1.568,2.7157,2.7157,0.0060,4.8506,4.8506,4.8506,-0.6846,-0.6846,0.5985
1.573,2.7167,2.7167,0.0062,4.8470,4.8470,4.8506,-0.7362,-0.7362,0.5984
1.578,2.7157,2.7157,0.0065,4.8469,4.8469,4.8470,-0.7362,-0.7362,0.5983
1.582,2.7144,2.7144,0.0068,4.8467,4.8467,4.8469,-0.7362,-0.7362,0.5982
1.587,2.7130,2.7130,0.0071,4.8466,4.8466,4.8467,-0.7362,-0.7362,0.5981
1.592,2.7109,2.7109,0.0074,4.8463,4.8463,4.8466,-0.7362,-0.7362,0.5980
1.597,2.7101,2.7101,0.0077,4.8427,4.8427,4.8463,-0.7874,-0.7874,0.5978
1.602,2.7074,2.7074,0.0080,4.8425,4.8425,4.8427,-0.7874,-0.7874,0.5977
1.606,2.7047,2.7047,0.0083,4.8422,4.8422,4.8425,-0.7874,-0.7874,0.5976
1.611,2.7015,2.7015,0.0086,4.8419,4.8419,4.8422,-0.7874,-0.7874,0.5975
1.616,2.6999,2.6999,0.0089,4.8381,4.8381,4.8419,-0.8410,-0.8410,0.5973
1.621,2.6953,2.6953,0.0092,4.8375,4.8375,4.8381,-0.8410,-0.8410,0.5972
1.626,2.6915,2.6915,0.0095,4.8371,4.8371,4.8375,-0.8410,-0.8410,0.5970
1.630,2.6873,2.6873,0.0098,4.8365,4.8365,4.8371,-0.8410,-0.8410,0.5969
1.637,2.6826,2.6826,0.0100,4.8323,4.8323,4.8365,-0.8941,-0.8941,0.5968
1.647,2.6718,2.6718,0.0104,4.8312,4.8312,4.8323,-0.8941,-0.8941,0.5966
1.652,2.6655,2.6655,0.0110,4.8307,4.8307,4.8312,-0.8941,-0.8941,0.5963
1.656,2.6618,2.6618,0.0112,4.8268,4.8268,4.8307,-0.9452,-0.9452,0.5961
1.662,2.6541,2.6541,0.0115,4.8264,4.8264,4.8268,-0.9452,-0.9452,0.5960
1.668,2.6466,2.6466,0.0118,4.8258,4.8258,4.8264,-0.9452,-0.9452,0.5958
1.672,2.6411,2.6411,0.0121,4.8256,4.8256,4.8258,-0.9452,-0.9452,0.5956
1.676,2.6376,2.6376,0.0123,4.8218,4.8218,4.8256,-1.0066,-1.0066,0.5955
1.680,2.6309,2.6309,0.0125,4.8215,4.8215,4.8218,-1.0066,-1.0066,0.5954
1.685,2.6230,2.6230,0.0128,4.8212,4.8212,4.8215,-1.0066,-1.0066,0.5952
1.694,2.6107,2.6107,0.0130,4.8168,4.8168,4.8212,-1.0777,-1.0777,0.5950
1.700,2.6003,2.6003,0.0135,4.8163,4.8163,4.8168,-1.0777,-1.0777,0.5947
1.704,2.5932,2.5932,0.0138,4.8159,4.8159,4.8163,-1.0777,-1.0777,0.5945
1.708,2.5861,2.5861,0.0140,4.8155,4.8155,4.8159,-1.0777,-1.0777,0.5943
1.712,2.5812,2.5812,0.0142,4.8116,4.8116,4.8155,-1.1391,-1.1391,0.5942
1.718,2.5697,2.5697,0.0144,4.8109,4.8109,4.8116,-1.1391,-1.1391,0.5940
1.722,2.5629,2.5629,0.0147,4.8105,4.8105,4.8109,-1.1391,-1.1391,0.5938
1.726,2.5556,2.5556,0.0148,4.8101,4.8101,4.8105,-1.1391,-1.1391,0.5936
1.730,2.5470,2.5470,0.0150,4.8095,4.8095,4.8101,-1.1391,-1.1391,0.5935
1.734,2.5422,2.5422,0.0152,4.8057,4.8057,4.8095,-1.2202,-1.2202,0.5933
1.738,2.5340,2.5340,0.0154,4.8052,4.8052,4.8057,-1.2202,-1.2202,0.5931
1.743,2.5238,2.5238,0.0156,4.8047,4.8047,4.8052,-1.2202,-1.2202,0.5930
1.751,2.5057,2.5057,0.0158,4.8037,4.8037,4.8047,-1.2202,-1.2202,0.5927
1.755,2.5006,2.5006,0.0161,4.8000,4.8000,4.8037,-1.3006,-1.3006,0.5924
1.759,2.4915,2.4915,0.0163,4.7996,4.7996,4.8000,-1.3006,-1.3006,0.5922
1.763,2.4823,2.4823,0.0165,4.7993,4.7993,4.7996,-1.3006,-1.3006,0.5920
1.767,2.4739,2.4739,0.0166,4.7990,4.7990,4.7993,-1.3006,-1.3006,0.5918
1.770,2.4663,2.4663,0.0168,4.7987,4.7987,4.7990,-1.3006,-1.3006,0.5917
1.773,2.4617,2.4617,0.0169,4.7955,4.7955,4.7987,-1.4088,-1.4088,0.5915
1.778,2.4516,2.4516,0.0170,4.7950,4.7950,4.7955,-1.4088,-1.4088,0.5914
1.781,2.4436,2.4436,0.0172,4.7948,4.7948,4.7950,-1.4088,-1.4088,0.5911
1.785,2.4345,2.4345,0.0173,4.7944,4.7944,4.7948,-1.4088,-1.4088,0.5910
1.788,2.4264,2.4264,0.0175,4.7941,4.7941,4.7944,-1.4088,-1.4088,0.5908
1.793,2.4189,2.4189,0.0176,4.7908,4.7908,4.7941,-1.5138,-1.5138,0.5906
1.797,2.4077,2.4077,0.0178,4.7903,4.7903,4.7908,-1.5138,-1.5138,0.5904
1.801,2.3990,2.3990,0.0179,4.7899,4.7899,4.7903,-1.5138,-1.5138,0.5901
1.804,2.3906,2.3906,0.0181,4.7895,4.7895,4.7899,-1.5138,-1.5138,0.5899
1.807,2.3822,2.3822,0.0182,4.7891,4.7891,4.7895,-1.5138,-1.5138,0.5898
1.811,2.3731,2.3731,0.0183,4.7888,4.7888,4.7891,-1.5138,-1.5138,0.5896
1.814,2.3671,2.3671,0.0184,4.7856,4.7856,4.7888,-1.6095,-1.6095,0.5894
1.819,2.3555,2.3555,0.0185,4.7852,4.7852,4.7856,-1.6095,-1.6095,0.5892
1.823,2.3438,2.3438,0.0187,4.7848,4.7848,4.7852,-1.6095,-1.6095,0.5889
1.827,2.3339,2.3339,0.0188,4.7844,4.7844,4.7848,-1.6095,-1.6095,0.5887
1.830,2.3244,2.3244,0.0189,4.7839,4.7839,4.7844,-1.6095,-1.6095,0.5884
1.834,2.3175,2.3175,0.0190,4.7800,4.7800,4.7839,-1.6838,-1.6838,0.5882
1.838,2.3058,2.3058,0.0191,4.7795,4.7795,4.7800,-1.6838,-1.6838,0.5880
1.847,2.2797,2.2797,0.0193,4.7788,4.7788,4.7795,-1.6838,-1.6838,0.5878
1.858,2.2522,2.2522,0.0195,4.7742,4.7742,4.7788,-1.7470,-1.7470,0.5872
1.862,2.2401,2.2401,0.0198,4.7739,4.7739,4.7742,-1.7470,-1.7470,0.5866
1.866,2.2280,2.2280,0.0199,4.7735,4.7735,4.7739,-1.7470,-1.7470,0.5863
1.870,2.2175,2.2175,0.0200,4.7731,4.7731,4.7735,-1.7470,-1.7470,0.5860
1.873,2.2087,2.2087,0.0201,4.7690,4.7690,4.7731,-1.8081,-1.8081,0.5858
1.878,2.1966,2.1966,0.0202,4.7687,4.7687,4.7690,-1.8081,-1.8081,0.5856
1.881,2.1851,2.1851,0.0203,4.7683,4.7683,4.7687,-1.8081,-1.8081,0.5853
1.885,2.1730,2.1730,0.0204,4.7680,4.7680,4.7683,-1.8081,-1.8081,0.5851
1.889,2.1611,2.1611,0.0204,4.7677,4.7677,4.7680,-1.8081,-1.8081,0.5848
1.893,2.1531,2.1531,0.0205,4.7641,4.7641,4.7677,-1.8837,-1.8837,0.5846
1.898,2.1386,2.1386,0.0206,4.7637,4.7637,4.7641,-1.8837,-1.8837,0.5843
1.901,2.1277,2.1277,0.0207,4.7634,4.7634,4.7637,-1.8837,-1.8837,0.5840
1.905,2.1157,2.1157,0.0208,4.7630,4.7630,4.7634,-1.8837,-1.8837,0.5838
1.909,2.1050,2.1050,0.0208,4.7628,4.7628,4.7630,-1.8837,-1.8837,0.5835
1.912,2.0969,2.0969,0.0209,4.7600,4.7600,4.7628,-1.9787,-1.9787,0.5833
1.917,2.0829,2.0829,0.0210,4.7595,4.7595,4.7600,-1.9787,-1.9787,0.5830
1.920,2.0709,2.0709,0.0210,4.7591,4.7591,4.7595,-1.9787,-1.9787,0.5827
1.924,2.0602,2.0602,0.0211,4.7587,4.7587,4.7591,-1.9787,-1.9787,0.5825
1.928,2.0469,2.0469,0.0211,4.7585,4.7585,4.7587,-1.9787,-1.9787,0.5822
1.932,2.0349,2.0349,0.0212,4.7581,4.7581,4.7585,-1.9787,-1.9787,0.5819
1.935,2.0250,2.0250,0.0213,4.7538,4.7538,4.7581,-2.0396,-2.0396,0.5817
1.940,2.0114,2.0114,0.0213,4.7533,4.7533,4.7538,-2.0396,-2.0396,0.5814
1.944,1.9979,1.9979,0.0214,4.7530,4.7530,4.7533,-2.0396,-2.0396,0.5811
1.948,1.9834,1.9834,0.0214,4.7525,4.7525,4.7530,-2.0396,-2.0396,0.5808
1.953,1.9685,1.9685,0.0215,4.7479,4.7479,4.7525,-2.0989,-2.0989,0.5805
1.962,1.9397,1.9397,0.0215,4.7471,4.7471,4.7479,-2.0989,-2.0989,0.5801
1.965,1.9275,1.9275,0.0216,4.7470,4.7470,4.7471,-2.0989,-2.0989,0.5795
1.969,1.9141,1.9141,0.0216,4.7469,4.7469,4.7470,-2.0989,-2.0989,0.5793
1.972,1.9047,1.9047,0.0216,4.7422,4.7422,4.7469,-2.1540,-2.1540,0.5790
1.978,1.8856,1.8856,0.0217,4.7416,4.7416,4.7422,-2.1540,-2.1540,0.5787
1.982,1.8718,1.8718,0.0217,4.7413,4.7413,4.7416,-2.1540,-2.1540,0.5783
1.986,1.8577,1.8577,0.0217,4.7410,4.7410,4.7413,-2.1540,-2.1540,0.5780
1.990,1.8450,1.8450,0.0217,4.7408,4.7408,4.7410,-2.1540,-2.1540,0.5777
1.999,1.8124,1.8124,0.0217,4.7346,4.7346,4.7408,-2.1907,-2.1907,0.5775
2.005,1.7912,1.7912,0.0218,4.7341,4.7341,4.7346,-2.1907,-2.1907,0.5768
2.008,1.7787,1.7787,0.0218,4.7337,4.7337,4.7341,-2.1907,-2.1907,0.5763
2.013,1.7644,1.7644,0.0218,4.7273,4.7273,4.7337,-2.2174,-2.2174,0.5761
2.018,1.7462,1.7462,0.0218,4.7269,4.7269,4.7273,-2.2174,-2.2174,0.5757
2.022,1.7299,1.7299,0.0218,4.7266,4.7266,4.7269,-2.2174,-2.2174,0.5754
2.026,1.7138,1.7138,0.0217,4.7264,4.7264,4.7266,-2.2174,-2.2174,0.5750
2.030,1.6994,1.6994,0.0217,4.7260,4.7260,4.7264,-2.2174,-2.2174,0.5747
2.035,1.6841,1.6841,0.0217,4.7181,4.7181,4.7260,-2.2236,-2.2236,0.5744
2.039,1.6674,1.6674,0.0217,4.7177,4.7177,4.7181,-2.2236,-2.2236,0.5741
2.043,1.6532,1.6532,0.0217,4.7174,4.7174,4.7177,-2.2236,-2.2236,0.5738
2.047,1.6353,1.6353,0.0217,4.7170,4.7170,4.7174,-2.2236,-2.2236,0.5735
2.052,1.6186,1.6186,0.0216,4.7168,4.7168,4.7170,-2.2236,-2.2236,0.5732
2.059,1.5911,1.5911,0.0216,4.7073,4.7073,4.7168,-2.2053,-2.2053,0.5729
2.067,1.5580,1.5580,0.0215,4.7069,4.7069,4.7073,-2.2053,-2.2053,0.5724
2.071,1.5432,1.5432,0.0214,4.7066,4.7066,4.7069,-2.2053,-2.2053,0.5718
2.075,1.5264,1.5264,0.0214,4.6961,4.6961,4.7066,-2.1678,-2.1678,0.5715
2.079,1.5100,1.5100,0.0214,4.6959,4.6959,4.6961,-2.1678,-2.1678,0.5713
2.082,1.4953,1.4953,0.0213,4.6958,4.6958,4.6959,-2.1678,-2.1678,0.5710
2.086,1.4794,1.4794,0.0213,4.6957,4.6957,4.6958,-2.1678,-2.1678,0.5708
2.090,1.4638,1.4638,0.0212,4.6957,4.6957,4.6957,-2.1678,-2.1678,0.5705
2.094,1.4465,1.4465,0.0211,4.6840,4.6840,4.6957,-2.1122,-2.1122,0.5702
2.099,1.4271,1.4271,0.0211,4.6838,4.6838,4.6840,-2.1122,-2.1122,0.5700
2.104,1.4068,1.4068,0.0210,4.6835,4.6835,4.6838,-2.1122,-2.1122,0.5697
2.108,1.3873,1.3873,0.0209,4.6834,4.6834,4.6835,-2.1122,-2.1122,0.5694
2.113,1.3653,1.3653,0.0208,4.6726,4.6726,4.6834,-2.0721,-2.0721,0.5691
2.118,1.3460,1.3460,0.0207,4.6724,4.6724,4.6726,-2.0721,-2.0721,0.5688
2.121,1.3308,1.3308,0.0207,4.6723,4.6723,4.6724,-2.0721,-2.0721,0.5685
2.124,1.3170,1.3170,0.0206,4.6722,4.6722,4.6723,-2.0721,-2.0721,0.5683
2.128,1.3018,1.3018,0.0205,4.6719,4.6719,4.6722,-2.0721,-2.0721,0.5681
2.132,1.2807,1.2807,0.0204,4.6602,4.6602,4.6719,-2.0152,-2.0152,0.5679
2.137,1.2593,1.2593,0.0203,4.6599,4.6599,4.6602,-2.0152,-2.0152,0.5677
2.141,1.2421,1.2421,0.0202,4.6597,4.6597,4.6599,-2.0152,-2.0152,0.5674
2.151,1.1997,1.1997,0.0201,4.6594,4.6594,4.6597,-2.0152,-2.0152,0.5672
2.156,1.1733,1.1733,0.0199,4.6480,4.6480,4.6594,-1.9568,-1.9568,0.5667
2.160,1.1549,1.1549,0.0197,4.6480,4.6480,4.6480,-1.9568,-1.9568,0.5664
2.165,1.1327,1.1327,0.0196,4.6480,4.6480,4.6480,-1.9568,-1.9568,0.5662
2.172,1.1005,1.1005,0.0195,4.6479,4.6479,4.6480,-1.9568,-1.9568,0.5659
2.175,1.0817,1.0817,0.0192,4.6349,4.6349,4.6479,-1.8686,-1.8686,0.5656
2.180,1.0600,1.0600,0.0191,4.6349,4.6349,4.6349,-1.8686,-1.8686,0.5654
2.183,1.0435,1.0435,0.0190,4.6350,4.6350,4.6349,-1.8686,-1.8686,0.5652
2.187,1.0275,1.0275,0.0189,4.6350,4.6350,4.6350,-1.8686,-1.8686,0.5650
2.190,1.0112,1.0112,0.0187,4.6350,4.6350,4.6350,-1.8686,-1.8686,0.5649
2.194,0.9900,0.9900,0.0186,4.6209,4.6209,4.6350,-1.7566,-1.7566,0.5647
2.198,0.9707,0.9707,0.0185,4.6208,4.6208,4.6209,-1.7566,-1.7566,0.5646
2.201,0.9547,0.9547,0.0184,4.6208,4.6208,4.6208,-1.7566,-1.7566,0.5644
2.204,0.9385,0.9385,0.0182,4.6208,4.6208,4.6208,-1.7566,-1.7566,0.5643
2.208,0.9212,0.9212,0.0181,4.6207,4.6207,4.6208,-1.7566,-1.7566,0.5642
2.212,0.9006,0.9006,0.0180,4.6208,4.6208,4.6207,-1.7566,-1.7566,0.5640
2.215,0.8793,0.8793,0.0178,4.6045,4.6045,4.6208,-1.6072,-1.6072,0.5639
2.219,0.8605,0.8605,0.0177,4.6043,4.6043,4.6045,-1.6072,-1.6072,0.5638
2.222,0.8438,0.8438,0.0175,4.6043,4.6043,4.6043,-1.6072,-1.6072,0.5637
2.226,0.8258,0.8258,0.0174,4.6043,4.6043,4.6043,-1.6072,-1.6072,0.5635
2.229,0.8071,0.8071,0.0172,4.6043,4.6043,4.6043,-1.6072,-1.6072,0.5634
2.233,0.7843,0.7843,0.0171,4.5861,4.5861,4.6043,-1.4138,-1.4138,0.5633
2.237,0.7640,0.7640,0.0169,4.5862,4.5862,4.5861,-1.4138,-1.4138,0.5633
2.240,0.7460,0.7460,0.0168,4.5863,4.5863,4.5862,-1.4138,-1.4138,0.5632
2.244,0.7269,0.7269,0.0166,4.5864,4.5864,4.5863,-1.4138,-1.4138,0.5631
2.247,0.7085,0.7085,0.0164,4.5865,4.5865,4.5864,-1.4138,-1.4138,0.5630
2.250,0.6905,0.6905,0.0163,4.5866,4.5866,4.5865,-1.4138,-1.4138,0.5630
2.254,0.6679,0.6679,0.0161,4.5679,4.5679,4.5866,-1.1921,-1.1921,0.5629
2.258,0.6432,0.6432,0.0160,4.5681,4.5681,4.5679,-1.1921,-1.1921,0.5628
2.262,0.6235,0.6235,0.0157,4.5683,4.5683,4.5681,-1.1921,-1.1921,0.5628
2.265,0.6040,0.6040,0.0155,4.5687,4.5687,4.5683,-1.1921,-1.1921,0.5628
2.268,0.5852,0.5852,0.0154,4.5691,4.5691,4.5687,-1.1921,-1.1921,0.5627
2.273,0.5561,0.5561,0.0152,4.5503,4.5503,4.5691,-0.9428,-0.9428,0.5627
2.280,0.5126,0.5126,0.0150,4.5510,4.5510,4.5503,-0.9428,-0.9428,0.5627
2.284,0.4927,0.4927,0.0145,4.5513,4.5513,4.5510,-0.9428,-0.9428,0.5627
2.288,0.4675,0.4675,0.0143,4.5518,4.5518,4.5513,-0.9428,-0.9428,0.5627
2.292,0.4455,0.4455,0.0141,4.5521,4.5521,4.5518,-0.9428,-0.9428,0.5628
2.299,0.3983,0.3983,0.0139,4.5344,4.5344,4.5521,-0.6811,-0.6811,0.5628
2.305,0.3651,0.3651,0.0134,4.5348,4.5348,4.5344,-0.6811,-0.6811,0.5629
2.308,0.3411,0.3411,0.0131,4.5352,4.5352,4.5348,-0.6811,-0.6811,0.5630
2.312,0.3160,0.3160,0.0129,4.5174,4.5174,4.5352,-0.3855,-0.3855,0.5630
2.327,0.2195,0.2195,0.0126,4.5198,4.5198,4.5174,-0.3855,-0.3855,0.5631
2.332,0.1898,0.1898,0.0116,4.5206,4.5206,4.5198,-0.3855,-0.3855,0.5636
2.336,0.1634,0.1634,0.0113,4.5052,4.5052,4.5206,-0.0788,-0.0788,0.5637
2.341,0.1332,0.1332,0.0110,4.5059,4.5059,4.5052,-0.0788,-0.0788,0.5639
2.344,0.1097,0.1097,0.0107,4.5068,4.5068,4.5059,-0.0788,-0.0788,0.5641
2.347,0.0872,0.0872,0.0104,4.5075,4.5075,4.5068,-0.0788,-0.0788,0.5643
2.352,0.0582,0.0582,0.0102,4.5085,4.5085,4.5075,-0.0788,-0.0788,0.5644
2.355,0.0385,0.0385,0.0099,4.4953,4.4953,4.5085,0.2475,0.2475,0.5646
2.359,0.0104,0.0104,0.0096,4.4962,4.4962,4.4953,0.2475,0.2475,0.5648
2.363,-0.0163,-0.0163,0.0093,4.4972,4.4972,4.4962,0.2475,0.2475,0.5651
2.367,-0.0431,-0.0431,0.0090,4.4981,4.4981,4.4972,0.2475,0.2475,0.5653
2.370,-0.0685,-0.0685,0.0088,4.4991,4.4991,4.4981,0.2475,0.2475,0.5655
2.373,-0.0856,-0.0856,0.0085,4.4877,4.4877,4.4991,0.6046,0.6046,0.5657
2.379,-0.1282,-0.1282,0.0082,4.4893,4.4893,4.4877,0.6046,0.6046,0.5660
2.387,-0.1880,-0.1880,0.0078,4.4914,4.4914,4.4893,0.6046,0.6046,0.5664
2.390,-0.2153,-0.2153,0.0071,4.4924,4.4924,4.4914,0.6046,0.6046,0.5670
2.394,-0.2325,-0.2325,0.0068,4.4829,4.4829,4.4924,0.9977,0.9977,0.5673
2.399,-0.2677,-0.2677,0.0065,4.4843,4.4843,4.4829,0.9977,0.9977,0.5676
2.402,-0.2960,-0.2960,0.0061,4.4855,4.4855,4.4843,0.9977,0.9977,0.5680
2.405,-0.3222,-0.3222,0.0058,4.4866,4.4866,4.4855,0.9977,0.9977,0.5684
2.409,-0.3474,-0.3474,0.0055,4.4876,4.4876,4.4866,0.9977,0.9977,0.5687
2.413,-0.3663,-0.3663,0.0052,4.4812,4.4812,4.4876,1.4191,1.4191,0.5690
2.417,-0.3973,-0.3973,0.0049,4.4827,4.4827,4.4812,1.4191,1.4191,0.5694
2.420,-0.4222,-0.4222,0.0045,4.4839,4.4839,4.4827,1.4191,1.4191,0.5699
2.423,-0.4474,-0.4474,0.0042,4.4853,4.4853,4.4839,1.4191,1.4191,0.5703
2.427,-0.4744,-0.4744,0.0039,4.4869,4.4869,4.4853,1.4191,1.4191,0.5706
2.430,-0.5003,-0.5003,0.0036,4.4884,4.4884,4.4869,1.4191,1.4191,0.5710
2.434,-0.5064,-0.5064,0.0032,4.4852,4.4852,4.4884,1.8635,1.8635,0.5714
2.438,-0.5336,-0.5336,0.0029,4.4870,4.4870,4.4852,1.8635,1.8635,0.5719
2.441,-0.5583,-0.5583,0.0026,4.4887,4.4887,4.4870,1.8635,1.8635,0.5724
2.445,-0.5873,-0.5873,0.0022,4.4909,4.4909,4.4887,1.8635,1.8635,0.5728
2.452,-0.6121,-0.6121,0.0018,4.4946,4.4946,4.4909,2.2999,2.2999,0.5734
2.458,-0.6452,-0.6452,0.0011,4.4975,4.4975,4.4946,2.2999,2.2999,0.5745
2.461,-0.6666,-0.6666,0.0006,4.4995,4.4995,4.4975,2.2999,2.2999,0.5753
2.465,-0.6863,-0.6863,0.0002,4.5013,4.5013,4.4995,2.2999,2.2999,0.5758
2.468,-0.7069,-0.7069,-0.0001,4.5033,4.5033,4.5013,2.2999,2.2999,0.5763
2.472,-0.7029,-0.7029,-0.0005,4.5104,4.5104,4.5033,2.7237,2.7237,0.5769
2.477,-0.7284,-0.7284,-0.0008,4.5130,4.5130,4.5104,2.7237,2.7237,0.5775
2.482,-0.7516,-0.7516,-0.0013,4.5156,4.5156,4.5130,2.7237,2.7237,0.5784
2.489,-0.7831,-0.7831,-0.0018,4.5194,4.5194,4.5156,2.7237,2.7237,0.5792
2.492,-0.7683,-0.7683,-0.0026,4.5301,4.5301,4.5194,3.1697,3.1697,0.5804
2.497,-0.7847,-0.7847,-0.0029,4.5324,4.5324,4.5301,3.1697,3.1697,0.5810
2.500,-0.7968,-0.7968,-0.0033,4.5341,4.5341,4.5324,3.1697,3.1697,0.5818
2.503,-0.8082,-0.8082,-0.0037,4.5360,4.5360,4.5341,3.1697,3.1697,0.5824
2.507,-0.8189,-0.8189,-0.0040,4.5378,4.5378,4.5360,3.1697,3.1697,0.5830
2.510,-0.8292,-0.8292,-0.0043,4.5397,4.5397,4.5378,3.1697,3.1697,0.5837
2.514,-0.8083,-0.8083,-0.0047,4.5546,4.5546,4.5397,3.6000,3.6000,0.5843
2.517,-0.8181,-0.8181,-0.0050,4.5568,4.5568,4.5546,3.6000,3.6000,0.5850
2.521,-0.8273,-0.8273,-0.0054,4.5591,4.5591,4.5568,3.6000,3.6000,0.5858
2.525,-0.8345,-0.8345,-0.0058,4.5611,4.5611,4.5591,3.6000,3.6000,0.5866
2.528,-0.8412,-0.8412,-0.0062,4.5632,4.5632,4.5611,3.6000,3.6000,0.5873
2.531,-0.8473,-0.8473,-0.0065,4.5652,4.5652,4.5632,3.6000,3.6000,0.5880
2.535,-0.8142,-0.8142,-0.0069,4.5844,4.5844,4.5652,4.1160,4.1160,0.5887
2.539,-0.8193,-0.8193,-0.0072,4.5866,4.5866,4.5844,4.1160,4.1160,0.5895
2.542,-0.8230,-0.8230,-0.0076,4.5887,4.5887,4.5866,4.1160,4.1160,0.5903
2.546,-0.8264,-0.8264,-0.0079,4.5909,4.5909,4.5887,4.1160,4.1160,0.5911
2.549,-0.8289,-0.8289,-0.0083,4.5930,4.5930,4.5909,4.1160,4.1160,0.5919
2.553,-0.7905,-0.7905,-0.0086,4.6171,4.6171,4.5930,4.6345,4.6345,0.5927
2.557,-0.7919,-0.7919,-0.0090,4.6196,4.6196,4.6171,4.6345,4.6345,0.5936
2.561,-0.7924,-0.7924,-0.0093,4.6220,4.6220,4.6196,4.6345,4.6345,0.5946
2.564,-0.7923,-0.7923,-0.0097,4.6242,4.6242,4.6220,4.6345,4.6345,0.5955
2.568,-0.7913,-0.7913,-0.0100,4.6268,4.6268,4.6242,4.6345,4.6345,0.5964
2.572,-0.7899,-0.7899,-0.0104,4.6288,4.6288,4.6268,4.6345,4.6345,0.5975
2.575,-0.7505,-0.7505,-0.0108,4.6564,4.6564,4.6288,5.0965,5.0965,0.5983
2.579,-0.7476,-0.7476,-0.0111,4.6587,4.6587,4.6564,5.0965,5.0965,0.5991
2.584,-0.7435,-0.7435,-0.0114,4.6611,4.6611,4.6587,5.0965,5.0965,0.6002
2.587,-0.7396,-0.7396,-0.0118,4.6630,4.6630,4.6611,5.0965,5.0965,0.6014
2.591,-0.7340,-0.7340,-0.0121,4.6652,4.6652,4.6630,5.0965,5.0965,0.6023
2.599,-0.7428,-0.7428,-0.0125,4.6841,4.6841,4.6652,4.7955,4.7955,0.6035
2.607,-0.7283,-0.7283,-0.0132,4.6880,4.6880,4.6841,4.7955,4.7955,0.6053
2.612,-0.7364,-0.7364,-0.0139,4.7066,4.7066,4.6880,4.5149,4.5149,0.6072
2.616,-0.7274,-0.7274,-0.0144,4.7086,4.7086,4.7066,4.5149,4.5149,0.6084
2.620,-0.7197,-0.7197,-0.0147,4.7102,4.7102,4.7086,4.5149,4.5149,0.6093
2.623,-0.7117,-0.7117,-0.0150,4.7117,4.7117,4.7102,4.5149,4.5149,0.6101
2.626,-0.7031,-0.7031,-0.0153,4.7133,4.7133,4.7117,4.5149,4.5149,0.6108
2.630,-0.6937,-0.6937,-0.0156,4.7150,4.7150,4.7133,4.5149,4.5149,0.6116
2.633,-0.6811,-0.6811,-0.0159,4.7480,4.7480,4.7150,4.5422,4.5422,0.6124
2.637,-0.6705,-0.6705,-0.0161,4.7498,4.7498,4.7480,4.5422,4.5422,0.6131
2.640,-0.6606,-0.6606,-0.0164,4.7513,4.7513,4.7498,4.5422,4.5422,0.6140
2.644,-0.6484,-0.6484,-0.0167,4.7531,4.7531,4.7513,4.5422,4.5422,0.6147
2.648,-0.6378,-0.6378,-0.0170,4.7545,4.7545,4.7531,4.5422,4.5422,0.6156
2.651,-0.6274,-0.6274,-0.0173,4.7559,4.7559,4.7545,4.5422,4.5422,0.6164
2.654,-0.6582,-0.6582,-0.0176,4.7532,4.7532,4.7559,3.9751,3.9751,0.6171
2.659,-0.6437,-0.6437,-0.0178,4.7550,4.7550,4.7532,3.9751,3.9751,0.6177
2.663,-0.6302,-0.6302,-0.0182,4.7566,4.7566,4.7550,3.9751,3.9751,0.6185
2.666,-0.6183,-0.6183,-0.0185,4.7580,4.7580,4.7566,3.9751,3.9751,0.6193
2.669,-0.6065,-0.6065,-0.0187,4.7594,4.7594,4.7580,3.9751,3.9751,0.6199
2.674,-0.6287,-0.6287,-0.0190,4.7553,4.7553,4.7594,3.4426,3.4426,0.6206
2.678,-0.6136,-0.6136,-0.0193,4.7568,4.7568,4.7553,3.4426,3.4426,0.6212
2.681,-0.6012,-0.6012,-0.0196,4.7580,4.7580,4.7568,3.4426,3.4426,0.6219
2.684,-0.5883,-0.5883,-0.0199,4.7591,4.7591,4.7580,3.4426,3.4426,0.6224
2.688,-0.5752,-0.5752,-0.0201,4.7601,4.7601,4.7591,3.4426,3.4426,0.6230
2.691,-0.5624,-0.5624,-0.0204,4.7611,4.7611,4.7601,3.4426,3.4426,0.6235
2.696,-0.5350,-0.5350,-0.0206,4.8094,4.8094,4.7611,3.5621,3.5621,0.6240
2.704,-0.5021,-0.5021,-0.0209,4.8110,4.8110,4.8094,3.5621,3.5621,0.6248
2.707,-0.4872,-0.4872,-0.0215,4.8117,4.8117,4.8110,3.5621,3.5621,0.6261
2.711,-0.4726,-0.4726,-0.0217,4.8123,4.8123,4.8117,3.5621,3.5621,0.6266
2.714,-0.4696,-0.4696,-0.0220,4.8324,4.8324,4.8123,3.4033,3.4033,0.6272
2.718,-0.4531,-0.4531,-0.0222,4.8329,4.8329,4.8324,3.4033,3.4033,0.6277
2.722,-0.4369,-0.4369,-0.0225,4.8335,4.8335,4.8329,3.4033,3.4033,0.6283
2.726,-0.4218,-0.4218,-0.0227,4.8339,4.8339,4.8335,3.4033,3.4033,0.6289
2.729,-0.4067,-0.4067,-0.0229,4.8344,4.8344,4.8339,3.4033,3.4033,0.6295
2.733,-0.4031,-0.4031,-0.0231,4.8520,4.8520,4.8344,3.2519,3.2519,0.6300
2.737,-0.3859,-0.3859,-0.0234,4.8524,4.8524,4.8520,3.2519,3.2519,0.6305
2.741,-0.3684,-0.3684,-0.0236,4.8529,4.8529,4.8524,3.2519,3.2519,0.6310
2.745,-0.3527,-0.3527,-0.0238,4.8533,4.8533,4.8529,3.2519,3.2519,0.6316
2.748,-0.3382,-0.3382,-0.0240,4.8536,4.8536,4.8533,3.2519,3.2519,0.6321
2.753,-0.3465,-0.3465,-0.0242,4.8360,4.8360,4.8536,2.7618,2.7618,0.6326
2.762,-0.3063,-0.3063,-0.0245,4.8367,4.8367,4.8360,2.7618,2.7618,0.6331
2.767,-0.2821,-0.2821,-0.0250,4.8370,4.8370,4.8367,2.7618,2.7618,0.6341
2.772,-0.2635,-0.2635,-0.0253,4.8372,4.8372,4.8370,2.7618,2.7618,0.6348
2.776,-0.2547,-0.2547,-0.0255,4.8509,4.8509,4.8372,2.6155,2.6155,0.6353
2.781,-0.2324,-0.2324,-0.0257,4.8511,4.8511,4.8509,2.6155,2.6155,0.6357
2.786,-0.2102,-0.2102,-0.0260,4.8510,4.8510,4.8511,2.6155,2.6155,0.6362
2.790,-0.1942,-0.1942,-0.0263,4.8509,4.8509,4.8510,2.6155,2.6155,0.6367
2.794,-0.1996,-0.1996,-0.0264,4.8330,4.8330,4.8509,2.1610,2.1610,0.6371
2.798,-0.1797,-0.1797,-0.0266,4.8325,4.8325,4.8330,2.1610,2.1610,0.6374
2.802,-0.1637,-0.1637,-0.0268,4.8320,4.8320,4.8325,2.1610,2.1610,0.6378
2.807,-0.1427,-0.1427,-0.0270,4.8313,4.8313,4.8320,2.1610,2.1610,0.6381
2.816,-0.1252,-0.1252,-0.0272,4.8133,4.8133,4.8313,1.7325,1.7325,0.6385
2.820,-0.1075,-0.1075,-0.0276,4.8122,4.8122,4.8133,1.7325,1.7325,0.6390
2.824,-0.0923,-0.0923,-0.0278,4.8112,4.8112,4.8122,1.7325,1.7325,0.6392
2.828,-0.0760,-0.0760,-0.0279,4.8100,4.8100,4.8112,1.7325,1.7325,0.6394
2.832,-0.0594,-0.0594,-0.0281,4.8087,4.8087,4.8100,1.7325,1.7325,0.6396
2.836,-0.0474,-0.0474,-0.0282,4.8210,4.8210,4.8087,1.6371,1.6371,0.6398
2.840,-0.0301,-0.0301,-0.0284,4.8195,4.8195,4.8210,1.6371,1.6371,0.6400
2.844,-0.0139,-0.0139,-0.0285,4.8181,4.8181,4.8195,1.6371,1.6371,0.6403
2.849,0.0042,0.0042,-0.0287,4.8165,4.8165,4.8181,1.6371,1.6371,0.6405
2.852,0.0152,0.0152,-0.0288,4.8251,4.8251,4.8165,1.5308,1.5308,0.6407
2.857,0.0325,0.0325,-0.0290,4.8235,4.8235,4.8251,1.5308,1.5308,0.6409
2.861,0.0495,0.0495,-0.0291,4.8218,4.8218,4.8235,1.5308,1.5308,0.6410
2.865,0.0638,0.0638,-0.0293,4.8204,4.8204,4.8218,1.5308,1.5308,0.6412
2.869,0.0779,0.0779,-0.0294,4.8189,4.8189,4.8204,1.5308,1.5308,0.6414
2.872,0.0884,0.0884,-0.0295,4.8245,4.8245,4.8189,1.4138,1.4138,0.6416
2.878,0.1103,0.1103,-0.0296,4.8220,4.8220,4.8245,1.4138,1.4138,0.6417
2.882,0.1255,0.1255,-0.0298,4.8202,4.8202,4.8220,1.4138,1.4138,0.6419
2.886,0.1390,0.1390,-0.0299,4.8186,4.8186,4.8202,1.4138,1.4138,0.6421
2.890,0.1528,0.1528,-0.0300,4.8169,4.8169,4.8186,1.4138,1.4138,0.6422
2.894,0.1628,0.1628,-0.0301,4.8030,4.8030,4.8169,1.0261,1.0261,0.6423
2.898,0.1784,0.1784,-0.0302,4.8007,4.8007,4.8030,1.0261,1.0261,0.6424
2.902,0.1909,0.1909,-0.0303,4.7988,4.7988,4.8007,1.0261,1.0261,0.6425
2.906,0.2040,0.2040,-0.0304,4.7966,4.7966,4.7988,1.0261,1.0261,0.6425
2.915,0.2336,0.2336,-0.0305,4.7811,4.7811,4.7966,0.6605,0.6605,0.6426
2.921,0.2556,0.2556,-0.0307,4.7764,4.7764,4.7811,0.6605,0.6605,0.6426
2.928,0.2791,0.2791,-0.0308,4.7707,4.7707,4.7764,0.6605,0.6605,0.6426
2.932,0.2907,0.2907,-0.0310,4.7678,4.7678,4.7707,0.6605,0.6605,0.6426
2.935,0.3013,0.3013,-0.0310,4.7691,4.7691,4.7678,0.5415,0.5415,0.6426
2.940,0.3163,0.3163,-0.0311,4.7649,4.7649,4.7691,0.5415,0.5415,0.6425
2.944,0.3276,0.3276,-0.0312,4.7618,4.7618,4.7649,0.5415,0.5415,0.6425
2.947,0.3380,0.3380,-0.0312,4.7588,4.7588,4.7618,0.5415,0.5415,0.6425
2.950,0.3482,0.3482,-0.0313,4.7558,4.7558,4.7588,0.5415,0.5415,0.6425
2.954,0.3598,0.3598,-0.0313,4.7556,4.7556,4.7558,0.4083,0.4083,0.6424
2.958,0.3719,0.3719,-0.0314,4.7519,4.7519,4.7556,0.4083,0.4083,0.6424
2.961,0.3823,0.3823,-0.0314,4.7487,4.7487,4.7519,0.4083,0.4083,0.6423
2.964,0.3922,0.3922,-0.0315,4.7456,4.7456,4.7487,0.4083,0.4083,0.6423
2.968,0.4020,0.4020,-0.0315,4.7424,4.7424,4.7456,0.4083,0.4083,0.6422
2.972,0.4136,0.4136,-0.0316,4.7386,4.7386,4.7424,0.4083,0.4083,0.6422
2.975,0.4288,0.4288,-0.0316,4.7329,4.7329,4.7386,0.0781,0.0781,0.6421
2.979,0.4402,0.4402,-0.0316,4.7290,4.7290,4.7329,0.0781,0.0781,0.6420
2.983,0.4492,0.4492,-0.0317,4.7258,4.7258,4.7290,0.0781,0.0781,0.6419
2.986,0.4584,0.4584,-0.0317,4.7225,4.7225,4.7258,0.0781,0.0781,0.6418
2.989,0.4673,0.4673,-0.0317,4.7192,4.7192,4.7225,0.0781,0.0781,0.6417
2.993,0.4802,0.4802,-0.0318,4.7185,4.7185,4.7192,-0.0572,-0.0572,0.6416
2.997,0.4911,0.4911,-0.0318,4.7143,4.7143,4.7185,-0.0572,-0.0572,0.6415
3.001,0.5017,0.5017,-0.0318,4.7099,4.7099,4.7143,-0.0572,-0.0572,0.6414
3.004,0.5104,0.5104,-0.0319,4.7061,4.7061,4.7099,-0.0572,-0.0572,0.6412
3.007,0.5189,0.5189,-0.0319,4.7023,4.7023,4.7061,-0.0572,-0.0572,0.6411
3.011,0.5274,0.5274,-0.0319,4.6982,4.6982,4.7023,-0.0572,-0.0572,0.6410
3.014,0.5414,0.5414,-0.0319,4.6968,4.6968,4.6982,-0.1989,-0.1989,0.6409
3.018,0.5511,0.5511,-0.0319,4.6917,4.6917,4.6968,-0.1989,-0.1989,0.6407
3.021,0.5592,0.5592,-0.0320,4.6872,4.6872,4.6917,-0.1989,-0.1989,0.6406
3.025,0.5671,0.5671,-0.0320,4.6828,4.6828,4.6872,-0.1989,-0.1989,0.6404
3.029,0.5781,0.5781,-0.0320,4.6761,4.6761,4.6828,-0.1989,-0.1989,0.6403
3.037,0.5979,0.5979,-0.0320,4.6660,4.6660,4.6761,-0.1962,-0.1962,0.6401
3.041,0.6082,0.6082,-0.0320,4.6588,4.6588,4.6660,-0.1962,-0.1962,0.6398
3.046,0.6185,0.6185,-0.0320,4.6512,4.6512,4.6588,-0.1962,-0.1962,0.6396
3.050,0.6277,0.6277,-0.0320,4.6444,4.6444,4.6512,-0.1962,-0.1962,0.6394
3.054,0.6448,0.6448,-0.0320,4.6422,4.6422,4.6444,-0.3480,-0.3480,0.6392
3.058,0.6532,0.6532,-0.0320,4.6356,4.6356,4.6422,-0.3480,-0.3480,0.6391
3.065,0.6694,0.6694,-0.0320,4.6224,4.6224,4.6356,-0.3480,-0.3480,0.6389
3.071,0.6799,0.6799,-0.0320,4.6136,4.6136,4.6224,-0.3480,-0.3480,0.6385
3.074,0.6998,0.6998,-0.0320,4.6112,4.6112,4.6136,-0.5202,-0.5202,0.6383
3.079,0.7085,0.7085,-0.0320,4.6035,4.6035,4.6112,-0.5202,-0.5202,0.6380
3.082,0.7153,0.7153,-0.0320,4.5974,4.5974,4.6035,-0.5202,-0.5202,0.6378
3.086,0.7217,0.7217,-0.0320,4.5915,4.5915,4.5974,-0.5202,-0.5202,0.6376
3.089,0.7279,0.7279,-0.0319,4.5858,4.5858,4.5915,-0.5202,-0.5202,0.6374
3.092,0.7400,0.7400,-0.0319,4.5808,4.5808,4.5858,-0.5697,-0.5697,0.6372
3.097,0.7476,0.7476,-0.0319,4.5731,4.5731,4.5808,-0.5697,-0.5697,0.6371
3.100,0.7542,0.7542,-0.0319,4.5662,4.5662,4.5731,-0.5697,-0.5697,0.6368
3.104,0.7608,0.7608,-0.0319,4.5589,4.5589,4.5662,-0.5697,-0.5697,0.6366
3.107,0.7665,0.7665,-0.0318,4.5523,4.5523,4.5589,-0.5697,-0.5697,0.6364
3.111,0.7730,0.7730,-0.0318,4.5444,4.5444,4.5523,-0.5697,-0.5697,0.6362
3.115,0.7848,0.7848,-0.0318,4.5369,4.5369,4.5444,-0.6111,-0.6111,0.6360
3.118,0.7912,0.7912,-0.0318,4.5283,4.5283,4.5369,-0.6111,-0.6111,0.6358
3.122,0.7967,0.7967,-0.0317,4.5206,4.5206,4.5283,-0.6111,-0.6111,0.6356
3.126,0.8033,0.8033,-0.0317,4.5109,4.5109,4.5206,-0.6111,-0.6111,0.6354
3.130,0.8099,0.8099,-0.0317,4.5007,4.5007,4.5109,-0.6111,-0.6111,0.6351
3.135,0.8167,0.8167,-0.0317,4.4847,4.4847,4.5007,-0.5583,-0.5583,0.6349
3.143,0.8286,0.8286,-0.0316,4.4634,4.4634,4.4847,-0.5583,-0.5583,0.6347
3.146,0.8344,0.8344,-0.0315,4.4527,4.4527,4.4634,-0.5583,-0.5583,0.6342
3.150,0.8397,0.8397,-0.0315,4.4429,4.4429,4.4527,-0.5583,-0.5583,0.6340
3.154,0.8507,0.8507,-0.0315,4.4328,4.4328,4.4429,-0.6069,-0.6069,0.6338
3.158,0.8564,0.8564,-0.0314,4.4217,4.4217,4.4328,-0.6069,-0.6069,0.6336
3.161,0.8612,0.8612,-0.0314,4.4120,4.4120,4.4217,-0.6069,-0.6069,0.6334
3.165,0.8659,0.8659,-0.0314,4.4024,4.4024,4.4120,-0.6069,-0.6069,0.6332
3.168,0.8705,0.8705,-0.0313,4.3927,4.3927,4.4024,-0.6069,-0.6069,0.6330
3.172,0.8753,0.8753,-0.0313,4.3824,4.3824,4.3927,-0.6069,-0.6069,0.6329
3.175,0.8813,0.8813,-0.0312,4.3688,4.3688,4.3824,-0.5992,-0.5992,0.6327
3.179,0.8865,0.8865,-0.0312,4.3570,4.3570,4.3688,-0.5992,-0.5992,0.6325
3.183,0.8909,0.8909,-0.0312,4.3469,4.3469,4.3570,-0.5992,-0.5992,0.6323
3.186,0.8949,0.8949,-0.0311,4.3373,4.3373,4.3469,-0.5992,-0.5992,0.6321
3.189,0.8990,0.8990,-0.0311,4.3271,4.3271,4.3373,-0.5992,-0.5992,0.6319
3.193,0.9064,0.9064,-0.0310,4.3141,4.3141,4.3271,-0.6285,-0.6285,0.6317
3.197,0.9115,0.9115,-0.0310,4.2999,4.2999,4.3141,-0.6285,-0.6285,0.6315
3.200,0.9157,0.9157,-0.0309,4.2876,4.2876,4.2999,-0.6285,-0.6285,0.6313
3.204,0.9200,0.9200,-0.0309,4.2745,4.2745,4.2876,-0.6285,-0.6285,0.6311
3.208,0.9238,0.9238,-0.0309,4.2623,4.2623,4.2745,-0.6285,-0.6285,0.6309
3.211,0.9279,0.9279,-0.0308,4.2488,4.2488,4.2623,-0.6285,-0.6285,0.6307
3.219,0.9425,0.9425,-0.0308,4.2180,4.2180,4.2488,-0.7132,-0.7132,0.6305
3.224,0.9482,0.9482,-0.0307,4.1956,4.1956,4.2180,-0.7132,-0.7132,0.6301
3.228,0.9520,0.9520,-0.0306,4.1802,4.1802,4.1956,-0.7132,-0.7132,0.6298
3.231,0.9556,0.9556,-0.0305,4.1648,4.1648,4.1802,-0.7132,-0.7132,0.6296
3.235,0.9643,0.9643,-0.0305,4.1473,4.1473,4.1648,-0.7977,-0.7977,0.6294
3.238,0.9680,0.9680,-0.0304,4.1304,4.1304,4.1473,-0.7977,-0.7977,0.6292
3.241,0.9712,0.9712,-0.0304,4.1158,4.1158,4.1304,-0.7977,-0.7977,0.6290
3.246,0.9755,0.9755,-0.0303,4.0947,4.0947,4.1158,-0.7977,-0.7977,0.6288
3.253,0.9826,0.9826,-0.0303,4.0539,4.0539,4.0947,-0.8298,-0.8298,0.6285
3.258,0.9866,0.9866,-0.0302,4.0327,4.0327,4.0539,-0.8298,-0.8298,0.6281
3.261,0.9897,0.9897,-0.0301,4.0160,4.0160,4.0327,-0.8298,-0.8298,0.6278
3.265,0.9928,0.9928,-0.0300,3.9986,3.9986,4.0160,-0.8298,-0.8298,0.6276
3.268,0.9957,0.9957,-0.0300,3.9821,3.9821,3.9986,-0.8298,-0.8298,0.6274
3.271,0.9984,0.9984,-0.0299,3.9658,3.9658,3.9821,-0.8298,-0.8298,0.6272
3.275,1.0001,1.0001,-0.0299,3.9408,3.9408,3.9658,-0.8591,-0.8591,0.6270
3.279,1.0038,1.0038,-0.0298,3.9161,3.9161,3.9408,-0.8591,-0.8591,0.6268
3.282,1.0065,1.0065,-0.0297,3.8968,3.8968,3.9161,-0.8591,-0.8591,0.6265
3.286,1.0091,1.0091,-0.0297,3.8779,3.8779,3.8968,-0.8591,-0.8591,0.6263
3.289,1.0116,1.0116,-0.0296,3.8587,3.8587,3.8779,-0.8591,-0.8591,0.6261
3.292,1.0403,1.0403,-0.0296,3.8465,3.8465,3.8587,-1.3074,-1.3074,0.6259
3.297,1.0440,1.0440,-0.0295,3.8149,3.8149,3.8465,-1.3074,-1.3074,0.6257
3.302,1.0471,1.0471,-0.0294,3.7860,3.7860,3.8149,-1.3074,-1.3074,0.6253
3.305,1.0495,1.0495,-0.0294,3.7630,3.7630,3.7860,-1.3074,-1.3074,0.6249
3.308,1.0519,1.0519,-0.0293,3.7396,3.7396,3.7630,-1.3074,-1.3074,0.6246
3.312,1.0544,1.0544,-0.0292,3.7129,3.7129,3.7396,-1.3074,-1.3074,0.6244
3.315,1.0503,1.0503,-0.0292,3.6729,3.6729,3.7129,-1.3051,-1.3051,0.6241
3.319,1.0529,1.0529,-0.0291,3.6429,3.6429,3.6729,-1.3051,-1.3051,0.6238
3.322,1.0551,1.0551,-0.0291,3.6171,3.6171,3.6429,-1.3051,-1.3051,0.6235
3.326,1.0572,1.0572,-0.0290,3.5910,3.5910,3.6171,-1.3051,-1.3051,0.6233
3.330,1.0597,1.0597,-0.0289,3.5594,3.5594,3.5910,-1.3051,-1.3051,0.6230
3.333,1.0565,1.0565,-0.0289,3.5148,3.5148,3.5594,-1.3347,-1.3347,0.6227
3.337,1.0589,1.0589,-0.0288,3.4826,3.4826,3.5148,-1.3347,-1.3347,0.6224
3.340,1.0609,1.0609,-0.0287,3.4546,3.4546,3.4826,-1.3347,-1.3347,0.6221
3.344,1.0632,1.0632,-0.0287,3.4218,3.4218,3.4546,-1.3347,-1.3347,0.6218
3.349,1.0658,1.0658,-0.0286,3.3876,3.3876,3.4218,-1.3347,-1.3347,0.6215
3.356,1.0615,1.0615,-0.0285,3.3199,3.3199,3.3876,-1.3392,-1.3392,0.6212
3.360,1.0641,1.0641,-0.0284,3.2916,3.2916,3.3199,-1.3392,-1.3392,0.6206
3.364,1.0662,1.0662,-0.0283,3.2709,3.2709,3.2916,-1.3392,-1.3392,0.6203
3.372,1.0700,1.0700,-0.0283,3.2389,3.2389,3.2709,-1.3392,-1.3392,0.6200
3.377,1.0631,1.0631,-0.0281,3.1969,3.1969,3.2389,-1.3410,-1.3410,0.6194
3.381,1.0650,1.0650,-0.0280,3.1852,3.1852,3.1969,-1.3410,-1.3410,0.6190
3.384,1.0666,1.0666,-0.0280,3.1769,3.1769,3.1852,-1.3410,-1.3410,0.6187
3.387,1.0682,1.0682,-0.0279,3.1703,3.1703,3.1769,-1.3410,-1.3410,0.6184
3.391,1.0698,1.0698,-0.0279,3.1650,3.1650,3.1703,-1.3410,-1.3410,0.6182
3.395,1.0606,1.0606,-0.0278,3.1329,3.1329,3.1650,-1.3375,-1.3375,0.6179
3.399,1.0625,1.0625,-0.0277,3.1274,3.1274,3.1329,-1.3375,-1.3375,0.6176
3.402,1.0640,1.0640,-0.0277,3.1228,3.1228,3.1274,-1.3375,-1.3375,0.6173
3.406,1.0654,1.0654,-0.0276,3.1176,3.1176,3.1228,-1.3375,-1.3375,0.6171
3.409,1.0669,1.0669,-0.0276,3.1119,3.1119,3.1176,-1.3375,-1.3375,0.6168
3.413,1.0577,1.0577,-0.0275,3.0754,3.0754,3.1119,-1.3694,-1.3694,0.6166
3.416,1.0593,1.0593,-0.0274,3.0678,3.0678,3.0754,-1.3694,-1.3694,0.6163
3.420,1.0606,1.0606,-0.0274,3.0610,3.0610,3.0678,-1.3694,-1.3694,0.6160
3.423,1.0620,1.0620,-0.0273,3.0533,3.0533,3.0610,-1.3694,-1.3694,0.6158
3.426,1.0633,1.0633,-0.0273,3.0450,3.0450,3.0533,-1.3694,-1.3694,0.6155
3.430,1.0647,1.0647,-0.0272,3.0360,3.0360,3.0450,-1.3694,-1.3694,0.6153
3.433,1.0525,1.0525,-0.0272,2.9911,2.9911,3.0360,-1.3655,-1.3655,0.6150
3.438,1.0541,1.0541,-0.0271,2.9793,2.9793,2.9911,-1.3655,-1.3655,0.6148
3.441,1.0553,1.0553,-0.0270,2.9698,2.9698,2.9793,-1.3655,-1.3655,0.6145
3.444,1.0565,1.0565,-0.0270,2.9595,2.9595,2.9698,-1.3655,-1.3655,0.6142
3.449,1.0581,1.0581,-0.0269,2.9450,2.9450,2.9595,-1.3655,-1.3655,0.6140
3.456,1.0469,1.0469,-0.0269,2.8789,2.8789,2.9450,-1.3834,-1.3834,0.6136
3.461,1.0484,1.0484,-0.0268,2.8626,2.8626,2.8789,-1.3834,-1.3834,0.6131
3.464,1.0496,1.0496,-0.0267,2.8495,2.8495,2.8626,-1.3834,-1.3834,0.6128
3.468,1.0506,1.0506,-0.0266,2.8365,2.8365,2.8495,-1.3834,-1.3834,0.6125
3.471,1.0518,1.0518,-0.0266,2.8223,2.8223,2.8365,-1.3834,-1.3834,0.6123
3.475,1.0378,1.0378,-0.0265,2.7595,2.7595,2.8223,-1.3920,-1.3920,0.6120
3.480,1.0391,1.0391,-0.0265,2.7406,2.7406,2.7595,-1.3920,-1.3920,0.6117
3.484,1.0403,1.0403,-0.0264,2.7235,2.7235,2.7406,-1.3920,-1.3920,0.6114
3.487,1.0412,1.0412,-0.0264,2.7087,2.7087,2.7235,-1.3920,-1.3920,0.6112
3.490,1.0421,1.0421,-0.0263,2.6941,2.6941,2.7087,-1.3920,-1.3920,0.6109
3.494,1.0265,1.0265,-0.0263,2.6262,2.6262,2.6941,-1.3919,-1.3919,0.6107
3.497,1.0276,1.0276,-0.0262,2.6074,2.6074,2.6262,-1.3919,-1.3919,0.6105
3.501,1.0285,1.0285,-0.0262,2.5909,2.5909,2.6074,-1.3919,-1.3919,0.6102
3.504,1.0294,1.0294,-0.0261,2.5744,2.5744,2.5909,-1.3919,-1.3919,0.6100
3.507,1.0302,1.0302,-0.0261,2.5573,2.5573,2.5744,-1.3919,-1.3919,0.6097
3.511,1.0311,1.0311,-0.0260,2.5391,2.5391,2.5573,-1.3919,-1.3919,0.6095
3.514,1.0144,1.0144,-0.0260,2.4623,2.4623,2.5391,-1.3901,-1.3901,0.6093
3.522,1.0164,1.0164,-0.0259,2.4158,2.4158,2.4623,-1.3901,-1.3901,0.6090
3.528,1.0177,1.0177,-0.0258,2.3839,2.3839,2.4158,-1.3901,-1.3901,0.6085
3.532,1.0186,1.0186,-0.0258,2.3609,2.3609,2.3839,-1.3901,-1.3901,0.6081
3.535,1.0007,1.0007,-0.0257,2.2751,2.2751,2.3609,-1.3742,-1.3742,0.6078
3.539,1.0015,1.0015,-0.0257,2.2518,2.2518,2.2751,-1.3742,-1.3742,0.6076
3.543,1.0024,1.0024,-0.0256,2.2265,2.2265,2.2518,-1.3742,-1.3742,0.6073
3.547,1.0031,1.0031,-0.0256,2.2040,2.2040,2.2265,-1.3742,-1.3742,0.6071
3.550,1.0038,1.0038,-0.0256,2.1825,2.1825,2.2040,-1.3742,-1.3742,0.6068
3.554,0.9849,0.9849,-0.0255,2.0910,2.0910,2.1825,-1.3554,-1.3554,0.6066
3.558,0.9859,0.9859,-0.0255,2.0584,2.0584,2.0910,-1.3554,-1.3554,0.6064
3.566,0.9873,0.9873,-0.0254,2.0081,2.0081,2.0584,-1.3554,-1.3554,0.6061
3.569,0.9880,0.9880,-0.0254,1.9822,1.9822,2.0081,-1.3554,-1.3554,0.6056
3.573,0.9683,0.9683,-0.0253,1.8791,1.8791,1.9822,-1.3267,-1.3267,0.6054
3.577,0.9691,0.9691,-0.0253,1.8475,1.8475,1.8791,-1.3267,-1.3267,0.6052
3.581,0.9697,0.9697,-0.0252,1.8229,1.8229,1.8475,-1.3267,-1.3267,0.6049
3.584,0.9703,0.9703,-0.0252,1.7976,1.7976,1.8229,-1.3267,-1.3267,0.6047
3.588,0.9708,0.9708,-0.0252,1.7732,1.7732,1.7976,-1.3267,-1.3267,0.6045
3.591,0.9714,0.9714,-0.0251,1.7487,1.7487,1.7732,-1.3267,-1.3267,0.6043
3.594,0.9508,0.9508,-0.0251,1.6386,1.6386,1.7487,-1.2870,-1.2870,0.6041
3.599,0.9515,0.9515,-0.0251,1.6070,1.6070,1.6386,-1.2870,-1.2870,0.6039
3.602,0.9520,0.9520,-0.0251,1.5814,1.5814,1.6070,-1.2870,-1.2870,0.6037
3.605,0.9525,0.9525,-0.0250,1.5564,1.5564,1.5814,-1.2870,-1.2870,0.6035
3.609,0.9530,0.9530,-0.0250,1.5300,1.5300,1.5564,-1.2870,-1.2870,0.6033
3.612,0.9319,0.9319,-0.0250,1.4103,1.4103,1.5300,-1.2497,-1.2497,0.6031
3.616,0.9325,0.9325,-0.0249,1.3787,1.3787,1.4103,-1.2497,-1.2497,0.6029
3.620,0.9330,0.9330,-0.0249,1.3516,1.3516,1.3787,-1.2497,-1.2497,0.6027
3.623,0.9334,0.9334,-0.0249,1.3246,1.3246,1.3516,-1.2497,-1.2497,0.6025
3.627,0.9339,0.9339,-0.0249,1.2941,1.2941,1.3246,-1.2497,-1.2497,0.6023
3.630,0.9344,0.9344,-0.0248,1.2652,1.2652,1.2941,-1.2497,-1.2497,0.6021
3.633,0.9127,0.9127,-0.0248,1.1412,1.1412,1.2652,-1.2084,-1.2084,0.6019
3.637,0.9132,0.9132,-0.0248,1.1087,1.1087,1.1412,-1.2084,-1.2084,0.6017
3.641,0.9136,0.9136,-0.0248,1.0798,1.0798,1.1087,-1.2084,-1.2084,0.6015
3.644,0.9141,0.9141,-0.0247,1.0492,1.0492,1.0798,-1.2084,-1.2084,0.6014
3.648,0.9145,0.9145,-0.0247,1.0205,1.0205,1.0492,-1.2084,-1.2084,0.6012
3.651,0.9149,0.9149,-0.0247,0.9923,0.9923,1.0205,-1.2084,-1.2084,0.6010
3.654,0.8927,0.8927,-0.0247,0.8620,0.8620,0.9923,-1.1652,-1.1652,0.6008
3.659,0.8933,0.8933,-0.0247,0.8171,0.8171,0.8620,-1.1652,-1.1652,0.6007
3.667,0.8941,0.8941,-0.0246,0.7499,0.7499,0.8171,-1.1652,-1.1652,0.6004
3.674,0.8720,0.8720,-0.0246,0.5732,0.5732,0.7499,-1.1320,-1.1320,0.6001
3.680,0.8726,0.8726,-0.0246,0.5269,0.5269,0.5732,-1.1320,-1.1320,0.5997
3.683,0.8729,0.8729,-0.0246,0.4975,0.4975,0.5269,-1.1320,-1.1320,0.5995
3.686,0.8732,0.8732,-0.0245,0.4689,0.4689,0.4975,-1.1320,-1.1320,0.5993
3.690,0.8736,0.8736,-0.0245,0.4372,0.4372,0.4689,-1.1320,-1.1320,0.5992
3.693,0.8507,0.8507,-0.0245,0.2900,0.2900,0.4372,-1.0992,-1.0992,0.5990
3.698,0.8511,0.8511,-0.0245,0.2528,0.2528,0.2900,-1.0992,-1.0992,0.5989
3.701,0.8514,0.8514,-0.0245,0.2231,0.2231,0.2528,-1.0992,-1.0992,0.5987
3.704,0.8517,0.8517,-0.0245,0.1944,0.1944,0.2231,-1.0992,-1.0992,0.5986
3.708,0.8520,0.8520,-0.0245,0.1637,0.1637,0.1944,-1.0992,-1.0992,0.5984
3.711,0.8523,0.8523,-0.0245,0.1322,0.1322,0.1637,-1.0992,-1.0992,0.5983
3.715,0.8291,0.8291,-0.0245,-0.0186,-0.0186,0.1322,-1.0645,-1.0645,0.5981
3.718,0.8294,0.8294,-0.0245,-0.0520,-0.0520,0.0000,-1.0645,-1.0645,0.5980
3.722,0.8297,0.8297,-0.0244,-0.0803,-0.0803,0.0000,-1.0645,-1.0645,0.5978
3.725,0.8299,0.8299,-0.0244,-0.1081,-0.1081,0.0000,-1.0645,-1.0645,0.5977
3.728,0.8302,0.8302,-0.0244,-0.1388,-0.1388,0.0000,-1.0645,-1.0645,0.5976
3.741,0.8076,0.8076,-0.0244,-0.3799,-0.3799,0.0000,-1.0256,-1.0256,0.5974
3.747,0.8080,0.8080,-0.0244,-0.4253,-0.4253,0.0000,-1.0256,-1.0256,0.5969
3.751,0.8083,0.8083,-0.0244,-0.4602,-0.4602,0.0000,-1.0256,-1.0256,0.5967
3.755,0.7848,0.7848,-0.0244,-0.6261,-0.6261,0.0000,-0.9885,-0.9885,0.5966
3.760,0.7851,0.7851,-0.0244,-0.6679,-0.6679,0.0000,-0.9885,-0.9885,0.5965
3.768,0.7856,0.7856,-0.0244,-0.7298,-0.7298,0.0000,-0.9885,-0.9885,0.5963
3.771,0.7859,0.7859,-0.0244,-0.7564,-0.7564,0.0000,-0.9885,-0.9885,0.5960
3.775,0.7623,0.7623,-0.0244,-0.9207,-0.9207,0.0000,-0.9434,-0.9434,0.5959
3.779,0.7625,0.7625,-0.0244,-0.9516,-0.9516,0.0000,-0.9434,-0.9434,0.5958
3.783,0.7628,0.7628,-0.0244,-0.9811,-0.9811,0.0000,-0.9434,-0.9434,0.5956
3.787,0.7630,0.7630,-0.0245,-1.0079,-1.0079,0.0000,-0.9434,-0.9434,0.5955
3.790,0.7632,0.7632,-0.0245,-1.0309,-1.0309,0.0000,-0.9434,-0.9434,0.5954
3.793,0.7397,0.7397,-0.0245,-1.1999,-1.1999,0.0000,-0.8948,-0.8948,0.5953
3.798,0.7400,0.7400,-0.0245,-1.2314,-1.2314,0.0000,-0.8948,-0.8948,0.5952
3.802,0.7402,0.7402,-0.0245,-1.2553,-1.2553,0.0000,-0.8948,-0.8948,0.5951
3.805,0.7403,0.7403,-0.0245,-1.2772,-1.2772,0.0000,-0.8948,-0.8948,0.5949
3.808,0.7405,0.7405,-0.0245,-1.2976,-1.2976,0.0000,-0.8948,-0.8948,0.5948
3.812,0.7172,0.7172,-0.0245,-1.4708,-1.4708,0.0000,-0.8529,-0.8529,0.5947
3.817,0.7174,0.7174,-0.0245,-1.4957,-1.4957,0.0000,-0.8529,-0.8529,0.5946
3.821,0.7176,0.7176,-0.0246,-1.5188,-1.5188,0.0000,-0.8529,-0.8529,0.5945
3.830,0.7180,0.7180,-0.0246,-1.5686,-1.5686,0.0000,-0.8529,-0.8529,0.5944
3.836,0.6950,0.6950,-0.0246,-1.7522,-1.7522,0.0000,-0.8092,-0.8092,0.5942
3.840,0.6952,0.6952,-0.0246,-1.7704,-1.7704,0.0000,-0.8092,-0.8092,0.5940
3.844,0.6954,0.6954,-0.0247,-1.7886,-1.7886,0.0000,-0.8092,-0.8092,0.5939
3.848,0.6955,0.6955,-0.0247,-1.8040,-1.8040,0.0000,-0.8092,-0.8092,0.5938
3.852,0.6727,0.6727,-0.0247,-1.9794,-1.9794,0.0000,-0.7561,-0.7561,0.5938
3.856,0.6729,0.6729,-0.0247,-1.9934,-1.9934,0.0000,-0.7561,-0.7561,0.5937
3.861,0.6730,0.6730,-0.0247,-2.0084,-2.0084,0.0000,-0.7561,-0.7561,0.5936
3.866,0.6732,0.6732,-0.0248,-2.0236,-2.0236,0.0000,-0.7561,-0.7561,0.5935
3.874,0.6509,0.6509,-0.0248,-2.2072,-2.2072,0.0000,-0.6996,-0.6996,0.5934
3.880,0.6511,0.6511,-0.0249,-2.2187,-2.2187,0.0000,-0.6996,-0.6996,0.5933
3.885,0.6513,0.6513,-0.0249,-2.2261,-2.2261,0.0000,-0.6996,-0.6996,0.5932
3.889,0.6514,0.6514,-0.0249,-2.2320,-2.2320,0.0000,-0.6996,-0.6996,0.5931
3.894,0.6294,0.6294,-0.0250,-2.4052,-2.4052,0.0000,-0.6224,-0.6224,0.5930
3.899,0.6295,0.6295,-0.0250,-2.4080,-2.4080,0.0000,-0.6224,-0.6224,0.5929
3.902,0.6296,0.6296,-0.0250,-2.4093,-2.4093,0.0000,-0.6224,-0.6224,0.5929
3.907,0.6298,0.6298,-0.0251,-2.4093,-2.4093,0.0000,-0.6224,-0.6224,0.5928
3.911,0.6299,0.6299,-0.0251,-2.4083,-2.4083,0.0000,-0.6224,-0.6224,0.5928
3.914,0.6083,0.6083,-0.0251,-2.5780,-2.5780,0.0000,-0.5543,-0.5543,0.5927
3.918,0.6084,0.6084,-0.0252,-2.5749,-2.5749,0.0000,-0.5543,-0.5543,0.5927
3.921,0.6085,0.6085,-0.0252,-2.5714,-2.5714,0.0000,-0.5543,-0.5543,0.5926
3.925,0.6086,0.6086,-0.0252,-2.5670,-2.5670,0.0000,-0.5543,-0.5543,0.5926
3.929,0.6087,0.6087,-0.0252,-2.5612,-2.5612,0.0000,-0.5543,-0.5543,0.5926
3.932,0.6088,0.6088,-0.0253,-2.5549,-2.5549,0.0000,-0.5543,-0.5543,0.5925
3.935,0.5879,0.5879,-0.0253,-2.7218,-2.7218,0.0000,-0.4941,-0.4941,0.5925
3.940,0.5880,0.5880,-0.0253,-2.7109,-2.7109,0.0000,-0.4941,-0.4941,0.5925
3.943,0.5880,0.5880,-0.0254,-2.7019,-2.7019,0.0000,-0.4941,-0.4941,0.5925
3.947,0.5881,0.5881,-0.0254,-2.6905,-2.6905,0.0000,-0.4941,-0.4941,0.5924
3.951,0.5882,0.5882,-0.0255,-2.6796,-2.6796,0.0000,-0.4941,-0.4941,0.5924
3.955,0.5679,0.5679,-0.0255,-2.8420,-2.8420,0.0000,-0.4270,-0.4270,0.5924
3.959,0.5680,0.5680,-0.0255,-2.8262,-2.8262,0.0000,-0.4270,-0.4270,0.5924
3.963,0.5681,0.5681,-0.0256,-2.8098,-2.8098,0.0000,-0.4270,-0.4270,0.5924
3.967,0.5682,0.5682,-0.0256,-2.7950,-2.7950,0.0000,-0.4270,-0.4270,0.5924
3.971,0.5683,0.5683,-0.0256,-2.7748,-2.7748,0.0000,-0.4270,-0.4270,0.5924
3.980,0.5488,0.5488,-0.0257,-2.9020,-2.9020,0.0000,-0.3614,-0.3614,0.5923
3.990,0.5490,0.5490,-0.0258,-2.8463,-2.8463,0.0000,-0.3614,-0.3614,0.5923
3.994,0.5301,0.5301,-0.0259,-3.0005,-3.0005,0.0000,-0.2746,-0.2746,0.5924
3.998,0.5301,0.5301,-0.0260,-2.9731,-2.9731,0.0000,-0.2746,-0.2746,0.5924
4.003,0.5302,0.5302,-0.0260,-2.9448,-2.9448,0.0000,-0.2746,-0.2746,0.5924
4.006,0.5303,0.5303,-0.0261,-2.9222,-2.9222,0.0000,-0.2746,-0.2746,0.5924
4.010,0.5303,0.5303,-0.0261,-2.8927,-2.8927,0.0000,-0.2746,-0.2746,0.5924
4.014,0.5120,0.5120,-0.0261,-3.0466,-3.0466,0.0000,-0.1475,-0.1475,0.5925
4.018,0.5121,0.5121,-0.0262,-3.0176,-3.0176,0.0000,-0.1475,-0.1475,0.5925
4.021,0.5122,0.5122,-0.0262,-2.9933,-2.9933,0.0000,-0.1475,-0.1475,0.5925
4.025,0.5122,0.5122,-0.0263,-2.9674,-2.9674,0.0000,-0.1475,-0.1475,0.5926
4.028,0.5123,0.5123,-0.0263,-2.9377,-2.9377,0.0000,-0.1475,-0.1475,0.5926
4.033,0.4949,0.4949,-0.0264,-3.0858,-3.0858,0.0000,-0.0073,-0.0073,0.5927
4.037,0.4949,0.4949,-0.0264,-3.0523,-3.0523,0.0000,-0.0073,-0.0073,0.5927
4.041,0.4950,0.4950,-0.0265,-3.0224,-3.0224,0.0000,-0.0073,-0.0073,0.5928
4.045,0.4950,0.4950,-0.0265,-2.9925,-2.9925,0.0000,-0.0073,-0.0073,0.5929
4.049,0.4951,0.4951,-0.0266,-2.9649,-2.9649,0.0000,-0.0073,-0.0073,0.5930
4.053,0.4787,0.4787,-0.0266,-3.1239,-3.1239,0.0000,0.1350,0.1350,0.5930
4.057,0.4788,0.4788,-0.0267,-3.1002,-3.1002,0.0000,0.1350,0.1350,0.5931
4.063,0.4788,0.4788,-0.0267,-3.0747,-3.0747,0.0000,0.1350,0.1350,0.5932
4.067,0.4789,0.4789,-0.0268,-3.0577,-3.0577,0.0000,0.1350,0.1350,0.5934
4.071,0.4789,0.4789,-0.0269,-3.0453,-3.0453,0.0000,0.1350,0.1350,0.5935
4.074,0.4637,0.4637,-0.0269,-3.2139,-3.2139,0.0000,0.2660,0.2660,0.5936
4.079,0.4637,0.4637,-0.0270,-3.2038,-3.2038,0.0000,0.2660,0.2660,0.5937
4.082,0.4638,0.4638,-0.0270,-3.1974,-3.1974,0.0000,0.2660,0.2660,0.5938
4.087,0.4638,0.4638,-0.0271,-3.1901,-3.1901,0.0000,0.2660,0.2660,0.5939
4.095,0.4498,0.4498,-0.0272,-3.3534,-3.3534,0.0000,0.3832,0.3832,0.5940
4.101,0.4499,0.4499,-0.0273,-3.3441,-3.3441,0.0000,0.3832,0.3832,0.5943
4.104,0.4499,0.4499,-0.0274,-3.3377,-3.3377,0.0000,0.3832,0.3832,0.5945
4.109,0.4500,0.4500,-0.0274,-3.3290,-3.3290,0.0000,0.3832,0.3832,0.5947
4.112,0.4370,0.4370,-0.0275,-3.4980,-3.4980,0.0000,0.5686,0.5686,0.5948
4.117,0.4371,0.4371,-0.0275,-3.4887,-3.4887,0.0000,0.5686,0.5686,0.5950
4.120,0.4371,0.4371,-0.0276,-3.4812,-3.4812,0.0000,0.5686,0.5686,0.5952
4.125,0.4371,0.4371,-0.0276,-3.4706,-3.4706,0.0000,0.5686,0.5686,0.5953
4.133,0.4257,0.4257,-0.0277,-3.6268,-3.6268,0.0000,0.7702,0.7702,0.5955
4.140,0.4258,0.4258,-0.0278,-3.6116,-3.6116,0.0000,0.7702,0.7702,0.5960
4.144,0.4258,0.4258,-0.0279,-3.6030,-3.6030,0.0000,0.7702,0.7702,0.5963
4.148,0.4258,0.4258,-0.0280,-3.5942,-3.5942,0.0000,0.7702,0.7702,0.5965
4.151,0.4259,0.4259,-0.0280,-3.5863,-3.5863,0.0000,0.7702,0.7702,0.5967
4.155,0.4160,0.4160,-0.0281,-3.7479,-3.7479,0.0000,0.9636,0.9636,0.5969
4.160,0.4160,0.4160,-0.0282,-3.7367,-3.7367,0.0000,0.9636,0.9636,0.5972
4.164,0.4161,0.4161,-0.0282,-3.7272,-3.7272,0.0000,0.9636,0.9636,0.5975
4.168,0.4161,0.4161,-0.0283,-3.7192,-3.7192,0.0000,0.9636,0.9636,0.5977
4.172,0.4078,0.4078,-0.0283,-3.8777,-3.8777,0.0000,1.1404,1.1404,0.5979
4.177,0.4078,0.4078,-0.0284,-3.8673,-3.8673,0.0000,1.1404,1.1404,0.5982
4.180,0.4078,0.4078,-0.0285,-3.8595,-3.8595,0.0000,1.1404,1.1404,0.5985
4.183,0.4079,0.4079,-0.0285,-3.8520,-3.8520,0.0000,1.1404,1.1404,0.5988
4.188,0.4079,0.4079,-0.0286,-3.8419,-3.8419,0.0000,1.1404,1.1404,0.5990
4.195,0.4011,0.4011,-0.0287,-3.9923,-3.9923,0.0000,1.2963,1.2963,0.5993
4.199,0.4011,0.4011,-0.0288,-3.9834,-3.9834,0.0000,1.2963,1.2963,0.5998
4.204,0.4011,0.4011,-0.0288,-3.9738,-3.9738,0.0000,1.2963,1.2963,0.6002
4.207,0.4012,0.4012,-0.0289,-3.9663,-3.9663,0.0000,1.2963,1.2963,0.6005
4.211,0.4012,0.4012,-0.0289,-3.9592,-3.9592,0.0000,1.2963,1.2963,0.6008
4.214,0.3959,0.3959,-0.0290,-4.1148,-4.1148,0.0000,1.4396,1.4396,0.6010
4.218,0.3959,0.3959,-0.0291,-4.1070,-4.1070,0.0000,1.4396,1.4396,0.6013
4.221,0.3959,0.3959,-0.0291,-4.1006,-4.1006,0.0000,1.4396,1.4396,0.6016
4.225,0.3959,0.3959,-0.0292,-4.0944,-4.0944,0.0000,1.4396,1.4396,0.6019
4.228,0.3959,0.3959,-0.0292,-4.0880,-4.0880,0.0000,1.4396,1.4396,0.6022
4.232,0.3959,0.3959,-0.0293,-4.0814,-4.0814,0.0000,1.4396,1.4396,0.6024
4.236,0.3930,0.3930,-0.0293,-4.2323,-4.2323,0.0000,1.6282,1.6282,0.6027
4.240,0.3931,0.3931,-0.0294,-4.2253,-4.2253,0.0000,1.6282,1.6282,0.6031
4.243,0.3931,0.3931,-0.0294,-4.2194,-4.2194,0.0000,1.6282,1.6282,0.6034
4.247,0.3931,0.3931,-0.0295,-4.2136,-4.2136,0.0000,1.6282,1.6282,0.6037
4.250,0.3931,0.3931,-0.0295,-4.2083,-4.2083,0.0000,1.6282,1.6282,0.6040
4.253,0.3926,0.3926,-0.0296,-4.3564,-4.3564,0.0000,1.8469,1.8469,0.6043
4.257,0.3926,0.3926,-0.0296,-4.3506,-4.3506,0.0000,1.8469,1.8469,0.6047
4.261,0.3927,0.3927,-0.0297,-4.3456,-4.3456,0.0000,1.8469,1.8469,0.6050
4.265,0.3927,0.3927,-0.0297,-4.3397,-4.3397,0.0000,1.8469,1.8469,0.6054
4.268,0.3927,0.3927,-0.0298,-4.3352,-4.3352,0.0000,1.8469,1.8469,0.6058
4.272,0.3927,0.3927,-0.0299,-4.3309,-4.3309,0.0000,1.8469,1.8469,0.6061
4.275,0.3945,0.3945,-0.0299,-4.4754,-4.4754,0.0000,2.0794,2.0794,0.6064
4.281,0.3945,0.3945,-0.0300,-4.4691,-4.4691,0.0000,2.0794,2.0794,0.6068
4.289,0.3945,0.3945,-0.0300,-4.4607,-4.4607,0.0000,2.0794,2.0794,0.6074
4.297,0.3978,0.3978,-0.0301,-4.5989,-4.5989,0.0000,2.2950,2.2950,0.6083
4.301,0.3978,0.3978,-0.0303,-4.5957,-4.5957,0.0000,2.2950,2.2950,0.6092
4.304,0.3978,0.3978,-0.0303,-4.5931,-4.5931,0.0000,2.2950,2.2950,0.6096
4.308,0.3978,0.3978,-0.0304,-4.5908,-4.5908,0.0000,2.2950,2.2950,0.6100
4.311,0.3978,0.3978,-0.0304,-4.5885,-4.5885,0.0000,2.2950,2.2950,0.6104
4.314,0.4020,0.4020,-0.0305,-4.7295,-4.7295,0.0000,2.4840,2.4840,0.6108
4.318,0.4020,0.4020,-0.0305,-4.7276,-4.7276,0.0000,2.4840,2.4840,0.6112
4.322,0.4020,0.4020,-0.0306,-4.7262,-4.7262,0.0000,2.4840,2.4840,0.6117
4.325,0.4020,0.4020,-0.0306,-4.7248,-4.7248,0.0000,2.4840,2.4840,0.6121
4.330,0.4020,0.4020,-0.0306,-4.7235,-4.7235,0.0000,2.4840,2.4840,0.6125
4.334,0.4072,0.4072,-0.0307,-4.8630,-4.8630,0.0000,2.6528,2.6528,0.6131
4.338,0.4072,0.4072,-0.0308,-4.8624,-4.8624,0.0000,2.6528,2.6528,0.6136
4.342,0.4072,0.4072,-0.0308,-4.8621,-4.8621,0.0000,2.6528,2.6528,0.6142
4.346,0.4072,0.4072,-0.0309,-4.8622,-4.8622,0.0000,2.6528,2.6528,0.6146
4.351,0.4072,0.4072,-0.0309,-4.8627,-4.8627,0.0000,2.6528,2.6528,0.6152
4.355,0.4022,0.4022,-0.0310,-5.0178,-5.0178,0.0000,2.5071,2.5071,0.6158
4.360,0.4023,0.4023,-0.0310,-5.0192,-5.0192,0.0000,2.5071,2.5071,0.6162
4.363,0.4023,0.4023,-0.0311,-5.0205,-5.0205,0.0000,2.5071,2.5071,0.6168
4.368,0.4023,0.4023,-0.0311,-5.0223,-5.0223,0.0000,2.5071,2.5071,0.6173
4.371,0.4023,0.4023,-0.0312,-5.0242,-5.0242,0.0000,2.5071,2.5071,0.6177
4.375,0.4012,0.4012,-0.0312,-5.1735,-5.1735,0.0000,2.4365,2.4365,0.6182
4.379,0.4012,0.4012,-0.0313,-5.1764,-5.1764,0.0000,2.4365,2.4365,0.6186
4.383,0.4012,0.4012,-0.0313,-5.1795,-5.1795,0.0000,2.4365,2.4365,0.6191
4.387,0.4012,0.4012,-0.0314,-5.1828,-5.1828,0.0000,2.4365,2.4365,0.6195
4.392,0.4012,0.4012,-0.0314,-5.1867,-5.1867,0.0000,2.4365,2.4365,0.6200
4.396,0.4008,0.4008,-0.0315,-5.3357,-5.3357,0.0000,2.3654,2.3654,0.6205
4.405,0.4009,0.4009,-0.0315,-5.3472,-5.3472,0.0000,2.3654,2.3654,0.6210
4.409,0.4009,0.4009,-0.0317,-5.3518,-5.3518,0.0000,2.3654,2.3654,0.6219
4.413,0.4024,0.4024,-0.0317,-5.4961,-5.4961,0.0000,2.3257,2.3257,0.6223
4.417,0.4024,0.4024,-0.0317,-5.5019,-5.5019,0.0000,2.3257,2.3257,0.6227
4.420,0.4024,0.4024,-0.0318,-5.5073,-5.5073,0.0000,2.3257,2.3257,0.6231
4.423,0.4024,0.4024,-0.0318,-5.5125,-5.5125,0.0000,2.3257,2.3257,0.6235
4.427,0.4024,0.4024,-0.0319,-5.5187,-5.5187,0.0000,2.3257,2.3257,0.6238
4.432,0.4024,0.4024,-0.0319,-5.5273,-5.5273,0.0000,2.3257,2.3257,0.6242
4.440,0.4041,0.4041,-0.0320,-5.6808,-5.6808,0.0000,2.2827,2.2827,0.6246
4.445,0.4041,0.4041,-0.0321,-5.6917,-5.6917,0.0000,2.2827,2.2827,0.6254
4.450,0.4042,0.4042,-0.0321,-5.7024,-5.7024,0.0000,2.2827,2.2827,0.6259
4.454,0.3970,0.3970,-0.0322,-5.8462,-5.8462,0.0000,2.2329,2.2329,0.6264
4.458,0.3970,0.3970,-0.0322,-5.8573,-5.8573,0.0000,2.2329,2.2329,0.6268
4.462,0.3970,0.3970,-0.0323,-5.8664,-5.8664,0.0000,2.2329,2.2329,0.6272
4.466,0.3970,0.3970,-0.0323,-5.8767,-5.8767,0.0000,2.2329,2.2329,0.6275
4.470,0.3970,0.3970,-0.0324,-5.8873,-5.8873,0.0000,2.2329,2.2329,0.6279
4.474,0.3691,0.3691,-0.0324,-6.0458,-6.0458,0.0000,2.0043,2.0043,0.6283
4.478,0.3691,0.3691,-0.0325,-6.0581,-6.0581,0.0000,2.0043,2.0043,0.6286
4.482,0.3691,0.3691,-0.0325,-6.0693,-6.0693,0.0000,2.0043,2.0043,0.6289
4.485,0.3691,0.3691,-0.0326,-6.0797,-6.0797,0.0000,2.0043,2.0043,0.6292
4.489,0.3691,0.3691,-0.0326,-6.0899,-6.0899,0.0000,2.0043,2.0043,0.6295
4.492,0.3691,0.3691,-0.0327,-6.1004,-6.1004,0.0000,2.0043,2.0043,0.6298
4.496,0.3303,0.3303,-0.0327,-6.2426,-6.2426,0.0000,1.9630,1.9630,0.6300
4.500,0.3303,0.3303,-0.0328,-6.2560,-6.2560,0.0000,1.9630,1.9630,0.6303
4.503,0.3303,0.3303,-0.0328,-6.2676,-6.2676,0.0000,1.9630,1.9630,0.6306
4.507,0.3304,0.3304,-0.0329,-6.2831,-6.2831,0.0000,1.9630,1.9630,0.6309
4.515,0.2670,0.2670,-0.0329,-6.4575,-6.4575,0.0000,1.7375,1.7375,0.6312
4.520,0.2670,0.2670,-0.0331,-6.4769,-6.4769,0.0000,1.7375,1.7375,0.6317
4.523,0.2670,0.2670,-0.0331,-6.4902,-6.4902,0.0000,1.7375,1.7375,0.6320
4.527,0.2670,0.2670,-0.0332,-6.5057,-6.5057,0.0000,1.7375,1.7375,0.6322
4.531,0.2670,0.2670,-0.0333,-6.5211,-6.5211,0.0000,1.7375,1.7375,0.6324
4.534,0.1967,0.1967,-0.0333,-6.6582,-6.6582,0.0000,1.7177,1.7177,0.6327
4.538,0.1968,0.1968,-0.0334,-6.6751,-6.6751,0.0000,1.7177,1.7177,0.6329
4.541,0.1968,0.1968,-0.0335,-6.6900,-6.6900,0.0000,1.7177,1.7177,0.6331
4.545,0.1968,0.1968,-0.0335,-6.7064,-6.7064,0.0000,1.7177,1.7177,0.6333
4.548,0.1968,0.1968,-0.0336,-6.7222,-6.7222,0.0000,1.7177,1.7177,0.6335
4.551,0.1968,0.1968,-0.0337,-6.7379,-6.7379,0.0000,1.7177,1.7177,0.6337
4.555,0.1103,0.1103,-0.0338,-6.8921,-6.8921,0.0000,1.5173,1.5173,0.6339
4.559,0.1103,0.1103,-0.0338,-6.9115,-6.9115,0.0000,1.5173,1.5173,0.6341
